"SampleID","StationID","CollDate","TaxaID","Exclude","N_Taxa","FFG","Habit","BCG_ATTR","TolVal","Phylum","SubPhylum","Class","SubClass","Order","Family","SubFamily","Tribe","Genus"
"Samp9142","FW08CA061",2008-09-12,"Dero",FALSE,18,,,5,,"Annelida",,"Oligochaeta",,"Haplotaxida","Naididae",,,
"Samp9142","FW08CA061",2008-09-12,"Nais",FALSE,26,"CG","BU",5,8,"Annelida",,"Oligochaeta","Oligochaeta","Haplotaxida","Naididae",,,
"Samp9142","FW08CA061",2008-09-12,"Pristina",FALSE,7,,,5,,"Annelida",,"Oligochaeta",,"Haplotaxida","Naididae",,,
"Samp9142","FW08CA061",2008-09-12,"Tubificidae",FALSE,6,"CG","BU",5,10,"Annelida",,"Oligochaeta","Oligochaeta","Haplotaxida","Tubificidae",,,
"Samp9142","FW08CA061",2008-09-12,"Turbellaria",FALSE,5,"PR","SP",4,4,"Platyhelminthes",,"Turbellaria",,,,,,
"Samp9142","FW08CA061",2008-09-12,"Corbicula",FALSE,14,"CF","BU",6,6,"Mollusca",,"Bivalvia","Heterodonta","Veneroida","Corbiculidae",,,
"Samp9142","FW08CA061",2008-09-12,"Prostoma",FALSE,1,"PR",,4,6,"Nemertea",,"Enopla",,"Hoplonemertea","Tetrastemmatidae",,,
"Samp9142","FW08CA061",2008-09-12,"Physa",FALSE,15,"SC",,5,8,"Mollusca",,"Gastropoda",,"Basommatophora","Physidae",,,
"Samp9142","FW08CA061",2008-09-12,"Lebertia",FALSE,1,"PR",,4,8,"Arthropoda",,"Arachnida","Acarina","Acariformes","Lebertiidae",,,
"Samp9142","FW08CA061",2008-09-12,"Mideopsis",FALSE,2,,,4,,"Arthropoda",,"Arachnida",,"Trombidiformes","Mideopsidae",,,
"Samp9142","FW08CA061",2008-09-12,"Hyalella",FALSE,9,"CG","SP",4,8,"Arthropoda",,"Malacostraca",,"Amphipoda","Hyalellidae",,,
"Samp9142","FW08CA061",2008-09-12,"Centroptilum",FALSE,7,"CG","CN",,2,"Arthropoda",,"Insecta",,"Ephemeroptera","Baetidae",,,
"Samp9142","FW08CA061",2008-09-12,"Fallceon",FALSE,2,"CG","SW",4,5,"Arthropoda",,"Insecta",,"Ephemeroptera","Baetidae",,,
"Samp9142","FW08CA061",2008-09-12,"Ablabesmyia",FALSE,14,"PR","SP",5,8,"Arthropoda",,"Insecta",,"Diptera","Chironomidae","Tanypodinae",,
"Samp9142","FW08CA061",2008-09-12,"Cricotopus/orthocladius",FALSE,8,"SH","SP",4,6,"Arthropoda",,"Insecta",,"Diptera","Chironomidae",,,
"Samp9142","FW08CA061",2008-09-12,"Cryptotendipes",FALSE,2,"CG","BU",5,8,"Arthropoda",,"Insecta",,"Diptera","Chironomidae","Chironominae",,
"Samp9142","FW08CA061",2008-09-12,"Dicrotendipes",FALSE,120,"CF","BU",4,8,"Arthropoda",,"Insecta",,"Diptera","Chironomidae","Chironominae",,
"Samp9142","FW08CA061",2008-09-12,"Nanocladius",FALSE,1,"CG","SP",4,3,"Arthropoda",,"Insecta",,"Diptera","Chironomidae","Orthocladiinae",,
"Samp9142","FW08CA061",2008-09-12,"Paratendipes",FALSE,1,"CG","BU",4,8,"Arthropoda",,"Insecta",,"Diptera","Chironomidae","Chironominae",,
"Samp9142","FW08CA061",2008-09-12,"Procladius",FALSE,2,"PR","SP",5,9,"Arthropoda",,"Insecta",,"Diptera","Chironomidae","Tanypodinae",,
"Samp9142","FW08CA061",2008-09-12,"Tanytarsus",FALSE,4,"CG","CB",4,6,"Arthropoda",,"Insecta",,"Diptera","Chironomidae","Chironominae",,
"Samp9142","FW08CA061",2008-09-12,"Argia",FALSE,2,"PR","CN",4,7,"Arthropoda",,"Insecta",,"Odonata","Coenagrionidae",,,
"Samp9142","FW08CA061",2008-09-12,"Coenagrionidae",TRUE,23,"PR","CB",4,9,"Arthropoda",,"Insecta",,"Odonata","Coenagrionidae",,,
"Samp9142","FW08CA061",2008-09-12,"Dubiraphia",FALSE,6,"CG","CN",4,4,"Arthropoda",,"Insecta",,"Coleoptera","Elmidae",,,
"Samp9142","FW08CA061",2008-09-12,"Hydroptila",FALSE,2,"SC","CN",4,6,"Arthropoda",,"Insecta",,"Trichoptera","Hydroptilidae","Hydroptilinae",,
"Samp9142","FW08CA061",2008-09-12,"Oxyethira",FALSE,1,,"CN",4,3,"Arthropoda",,"Insecta",,"Trichoptera","Hydroptilidae","Hydroptilinae",,
"Samp9142","FW08CA061",2008-09-12,"Nectopsyche",FALSE,1,"SH","CB",4,3,"Arthropoda",,"Insecta",,"Trichoptera","Leptoceridae","Leptocerinae",,
"Samp9143","FW08CO033",2009-09-15,"Cambarincolidae",FALSE,1,,,5,,"Annelida",,"Oligochaeta",,"Branchiobdellida","Cambarincolidae",,,
"Samp9143","FW08CO033",2009-09-15,"Ferrissia",FALSE,1,"SC","CN",4,6,"Mollusca",,"Gastropoda",,"Basommatophora","Ancylidae",,,
"Samp9143","FW08CO033",2009-09-15,"Cambaridae",TRUE,1,"CG","SP",,6,"Arthropoda",,"Malacostraca",,"Decapoda","Cambaridae",,,
"Samp9143","FW08CO033",2009-09-15,"Orconectes",FALSE,1,"CG","SP",,6,"Arthropoda",,"Malacostraca",,"Decapoda","Cambaridae","Cambarinae",,
"Samp9143","FW08CO033",2009-09-15,"Acentrella",FALSE,2,"CG","SW",3,4,"Arthropoda",,"Insecta",,"Ephemeroptera","Baetidae",,,
"Samp9143","FW08CO033",2009-09-15,"Baetis",FALSE,4,"CG","SW",4,5,"Arthropoda",,"Insecta",,"Ephemeroptera","Baetidae",,,
"Samp9143","FW08CO033",2009-09-15,"Fallceon",FALSE,1,"CG","SW",4,5,"Arthropoda",,"Insecta",,"Ephemeroptera","Baetidae",,,
"Samp9143","FW08CO033",2009-09-15,"Cricotopus/orthocladius",FALSE,3,"SH","SP",4,6,"Arthropoda",,"Insecta",,"Diptera","Chironomidae",,,
"Samp9143","FW08CO033",2009-09-15,"Lopescladius",FALSE,7,"SH","SP",4,6,"Arthropoda",,"Insecta",,"Diptera","Chironomidae","Orthocladiinae",,
"Samp9143","FW08CO033",2009-09-15,"Microtendipes",FALSE,1,"CG","CN",4,6,"Arthropoda",,"Insecta",,"Diptera","Chironomidae","Chironominae",,
"Samp9143","FW08CO033",2009-09-15,"Paralauterborniella",FALSE,1,"CG","BU",4,5,"Arthropoda",,"Insecta",,"Diptera","Chironomidae","Chironominae",,
"Samp9143","FW08CO033",2009-09-15,"Polypedilum",FALSE,1,"SH","CB",4,6,"Arthropoda",,"Insecta",,"Diptera","Chironomidae","Chironominae",,
"Samp9143","FW08CO033",2009-09-15,"Saetheria",FALSE,1,"CG","BU",4,8,"Arthropoda",,"Insecta",,"Diptera","Chironomidae","Chironominae",,
"Samp9143","FW08CO033",2009-09-15,"Stempellinella",FALSE,1,"CG","CN",3,2,"Arthropoda",,"Insecta",,"Diptera","Chironomidae","Chironominae",,
"Samp9143","FW08CO033",2009-09-15,"Empididae",FALSE,1,"PR","SP",4,6,"Arthropoda",,"Insecta",,"Diptera","Empididae",,,
"Samp9143","FW08CO033",2009-09-15,"Glossosoma",FALSE,4,"SC","CN",3,,"Arthropoda",,"Insecta",,"Trichoptera","Glossosomatidae","Glossosomatinae",,
"Samp9143","FW08CO033",2009-09-15,"Ophiogomphus",FALSE,2,"PR","BU",4,1,"Arthropoda",,"Insecta",,"Odonata","Gomphidae",,,
"Samp9143","FW08CO033",2009-09-15,"Heptageniidae",FALSE,1,"SC","CN",3,4,"Arthropoda",,"Insecta",,"Ephemeroptera","Heptageniidae",,,
"Samp9143","FW08CO033",2009-09-15,"Cheumatopsyche",FALSE,2,"CF","CN",4,5,"Arthropoda",,"Insecta",,"Trichoptera","Hydropsychidae","Hydropsychinae",,
"Samp9143","FW08CO033",2009-09-15,"Hydropsyche",FALSE,4,"CF","CN",4,4,"Arthropoda",,"Insecta",,"Trichoptera","Hydropsychidae","Hydropsychinae",,
"Samp9143","FW08CO033",2009-09-15,"Hydroptila",FALSE,1,"SC","CN",4,6,"Arthropoda",,"Insecta",,"Trichoptera","Hydroptilidae","Hydroptilinae",,
"Samp9143","FW08CO033",2009-09-15,"Nectopsyche",FALSE,2,"SH","CB",4,3,"Arthropoda",,"Insecta",,"Trichoptera","Leptoceridae","Leptocerinae",,
"Samp9143","FW08CO033",2009-09-15,"Oecetis",FALSE,1,"PR","CN",4,8,"Arthropoda",,"Insecta",,"Trichoptera","Leptoceridae","Leptocerinae",,
"Samp9143","FW08CO033",2009-09-15,"Tricorythodes",FALSE,28,"CG","SP",4,5,"Arthropoda",,"Insecta",,"Ephemeroptera","Leptohyphidae",,,
"Samp9143","FW08CO033",2009-09-15,"Leptophlebia",FALSE,1,"CG","SW",4,2,"Arthropoda",,"Insecta",,"Ephemeroptera","Leptophlebiidae",,,
"Samp9154","FW08NE021",2008-08-14,"Lymnaeidae",FALSE,1,"SC","CB",4,6,"Mollusca",,"Gastropoda",,"Basommatophora","Lymnaeidae",,,
"Samp9154","FW08NE021",2008-08-14,"Cambaridae",FALSE,7,"CG","SP",,6,"Arthropoda",,"Malacostraca",,"Decapoda","Cambaridae",,,
"Samp9154","FW08NE021",2008-08-14,"Hyalella",FALSE,1,"CG","SP",4,8,"Arthropoda",,"Malacostraca",,"Amphipoda","Hyalellidae",,,
"Samp9154","FW08NE021",2008-08-14,"Isonychia",FALSE,8,"CF","SW",3,2,"Arthropoda",,"Insecta",,"Ephemeroptera","Isonychiidae",,,
"Samp9154","FW08NE021",2008-08-14,"Tricorythodes",FALSE,4,"CG","SP",4,5,"Arthropoda",,"Insecta",,"Ephemeroptera","Leptohyphidae",,,
"Samp9160","FW08NE046",2009-06-08,"Physa",FALSE,2,"SC",,5,8,"Mollusca",,"Gastropoda",,"Basommatophora","Physidae",,,
"Samp9160","FW08NE046",2009-06-08,"Callibaetis",FALSE,8,"CG","SW",5,9,"Arthropoda",,"Insecta",,"Ephemeroptera","Baetidae",,,
"Samp9160","FW08NE046",2009-06-08,"Ceratopogoninae",FALSE,1,"PR","BU",4,6,"Arthropoda",,"Insecta",,"Diptera","Ceratopogonidae","Ceratopogoninae",,
"Samp9160","FW08NE046",2009-06-08,"Chironomus",FALSE,8,"CG","BU",5,10,"Arthropoda",,"Insecta",,"Diptera","Chironomidae","Chironominae",,
"Samp9160","FW08NE046",2009-06-08,"Cladotanytarsus",FALSE,1,"CF","CB",3,7,"Arthropoda",,"Insecta",,"Diptera","Chironomidae","Chironominae",,
"Samp9160","FW08NE046",2009-06-08,"Cryptochironomus",FALSE,1,"PR","SP",5,8,"Arthropoda",,"Insecta",,"Diptera","Chironomidae","Chironominae",,
"Samp9160","FW08NE046",2009-06-08,"Dicrotendipes",FALSE,1,"CF","BU",4,8,"Arthropoda",,"Insecta",,"Diptera","Chironomidae","Chironominae",,
"Samp9160","FW08NE046",2009-06-08,"Tropisternus",FALSE,2,"CG","CB",5,5,"Arthropoda",,"Insecta",,"Coleoptera","Hydrophilidae","Hydrophilinae",,
"Samp9162","FW08OK014",2008-08-18,"Dasyhelea",FALSE,1,"CG","SP",5,6,"Arthropoda",,"Insecta",,"Diptera","Ceratopogonidae","Dasyheleinae",,
"Samp9162","FW08OK014",2008-08-18,"Polypedilum",FALSE,1,"SH","CB",4,6,"Arthropoda",,"Insecta",,"Diptera","Chironomidae","Chironominae",,
"Samp9162","FW08OK014",2008-08-18,"Rheotanytarsus",FALSE,1,"CG","CN",4,6,"Arthropoda",,"Insecta",,"Diptera","Chironomidae","Chironominae",,
"Samp9162","FW08OK014",2008-08-18,"Saetheria",FALSE,1,"CG","BU",4,8,"Arthropoda",,"Insecta",,"Diptera","Chironomidae","Chironominae",,
"Samp9162","FW08OK014",2008-08-18,"Dubiraphia",FALSE,1,"CG","CN",4,4,"Arthropoda",,"Insecta",,"Coleoptera","Elmidae",,,
"Samp9162","FW08OK014",2008-08-18,"Ephydridae",FALSE,1,"CG","BU",5,6,"Arthropoda",,"Insecta",,"Diptera","Ephydridae",,,
"Samp9162","FW08OK014",2008-08-18,"Gomphidae",TRUE,1,"PR","BU",4,1,"Arthropoda",,"Insecta",,"Odonata","Gomphidae",,,
"Samp9162","FW08OK014",2008-08-18,"Progomphus",FALSE,1,"PR","BU",4,3,"Arthropoda",,"Insecta",,"Odonata","Gomphidae",,,
"Samp9162","FW08OK014",2008-08-18,"Nectopsyche",FALSE,1,"SH","CB",4,3,"Arthropoda",,"Insecta",,"Trichoptera","Leptoceridae","Leptocerinae",,
"Samp9163","FW08OK017",2009-06-22,"Corbicula",FALSE,1,"CF","BU",6,6,"Mollusca",,"Bivalvia","Heterodonta","Veneroida","Corbiculidae",,,
"Samp9163","FW08OK017",2009-06-22,"Cercobrachys",FALSE,6,,,4,,"Arthropoda",,"Insecta",,"Ephemeroptera","Caenidae",,,
"Samp9163","FW08OK017",2009-06-22,"Gillotia",FALSE,3,,"BU",,,"Arthropoda",,"Insecta",,"Diptera","Chironomidae","Chironominae",,
"Samp9163","FW08OK017",2009-06-22,"Procladius",FALSE,1,"PR","SP",5,9,"Arthropoda",,"Insecta",,"Diptera","Chironomidae","Tanypodinae",,
"Samp9163","FW08OK017",2009-06-22,"Progomphus",FALSE,1,"PR","BU",4,3,"Arthropoda",,"Insecta",,"Odonata","Gomphidae",,,
"Samp9163","FW08OK017",2009-06-22,"Homoeoneuria",FALSE,1,"CF;CG","BU",2,2,"Arthropoda",,"Insecta",,"Ephemeroptera","Oligoneuriidae",,,
"Samp9167","FW08OK027",2009-08-17,"Procloeon",FALSE,1,"CG","SW",,9,"Arthropoda",,"Insecta",,"Ephemeroptera","Baetidae",,,
"Samp9167","FW08OK027",2009-08-17,"Cercobrachys",FALSE,1,,,4,,"Arthropoda",,"Insecta",,"Ephemeroptera","Caenidae",,,
"Samp9167","FW08OK027",2009-08-17,"Dasyhelea",FALSE,1,"CG","SP",5,6,"Arthropoda",,"Insecta",,"Diptera","Ceratopogonidae","Dasyheleinae",,
"Samp9167","FW08OK027",2009-08-17,"Chironomidae",TRUE,2,"CG","BU",4,6,"Arthropoda",,"Insecta",,"Diptera","Chironomidae",,,
"Samp9167","FW08OK027",2009-08-17,"Cladotanytarsus",FALSE,1,"CF","CB",3,7,"Arthropoda",,"Insecta",,"Diptera","Chironomidae","Chironominae",,
"Samp9167","FW08OK027",2009-08-17,"Cryptochironomus",FALSE,1,"PR","SP",5,8,"Arthropoda",,"Insecta",,"Diptera","Chironomidae","Chironominae",,
"Samp9167","FW08OK027",2009-08-17,"Lopescladius",FALSE,285,"SH","SP",4,6,"Arthropoda",,"Insecta",,"Diptera","Chironomidae","Orthocladiinae",,
"Samp9167","FW08OK027",2009-08-17,"Paratendipes",FALSE,2,"CG","BU",4,8,"Arthropoda",,"Insecta",,"Diptera","Chironomidae","Chironominae",,
"Samp9167","FW08OK027",2009-08-17,"Saetheria",FALSE,2,"CG","BU",4,8,"Arthropoda",,"Insecta",,"Diptera","Chironomidae","Chironominae",,
"Samp9167","FW08OK027",2009-08-17,"Dolichopodidae",FALSE,3,"PR","SP",,4,"Arthropoda",,"Insecta",,"Diptera","Dolichopodidae","Dolichopodinae",,
"Samp9167","FW08OK027",2009-08-17,"Progomphus",FALSE,1,"PR","BU",4,3,"Arthropoda",,"Insecta",,"Odonata","Gomphidae",,,
"Samp9169","FW08OK036",2009-06-23,"Pisidiidae",TRUE,10,"CF",,4,6,"Mollusca",,"Bivalvia",,"Veneroida","Pisidiidae",,,
"Samp9169","FW08OK036",2009-06-23,"Sphaerium",FALSE,1,"CF;CG","BU",,6,"Mollusca",,"Bivalvia",,"Veneroida","Pisidiidae",,,
"Samp9169","FW08OK036",2009-06-23,"Hyalella",FALSE,14,"CG","SP",4,8,"Arthropoda",,"Malacostraca",,"Amphipoda","Hyalellidae",,,
"Samp9169","FW08OK036",2009-06-23,"Baetidae",TRUE,1,"CG","SW",4,4,"Arthropoda",,"Insecta",,"Ephemeroptera","Baetidae",,,
"Samp9169","FW08OK036",2009-06-23,"Fallceon",FALSE,4,"CG","SW",4,5,"Arthropoda",,"Insecta",,"Ephemeroptera","Baetidae",,,
"Samp9169","FW08OK036",2009-06-23,"Paracloeodes",FALSE,9,"SC","SW",4,6,"Arthropoda",,"Insecta",,"Ephemeroptera","Baetidae",,,
"Samp9169","FW08OK036",2009-06-23,"Caenis",FALSE,114,"CG","SP",4,7,"Arthropoda",,"Insecta",,"Ephemeroptera","Caenidae",,,
"Samp9169","FW08OK036",2009-06-23,"Cercobrachys",FALSE,10,,,4,,"Arthropoda",,"Insecta",,"Ephemeroptera","Caenidae",,,
"Samp9169","FW08OK036",2009-06-23,"Calopterygidae",TRUE,1,"PR","CB",4,5,"Arthropoda",,"Insecta",,"Odonata","Calopterygidae",,,
"Samp9169","FW08OK036",2009-06-23,"Hetaerina",FALSE,2,"PR","CB",4,6,"Arthropoda",,"Insecta",,"Odonata","Calopterygidae",,,
"Samp9169","FW08OK036",2009-06-23,"Ceratopogonidae",TRUE,1,"PR","SP",4,6,"Arthropoda",,"Insecta",,"Diptera","Ceratopogonidae",,,
"Samp9169","FW08OK036",2009-06-23,"Cryptochironomus",FALSE,1,"PR","SP",5,8,"Arthropoda",,"Insecta",,"Diptera","Chironomidae","Chironominae",,
"Samp9169","FW08OK036",2009-06-23,"Dicrotendipes",FALSE,1,"CF","BU",4,8,"Arthropoda",,"Insecta",,"Diptera","Chironomidae","Chironominae",,
"Samp9169","FW08OK036",2009-06-23,"Labrundinia",FALSE,1,"PR","SP",4,6,"Arthropoda",,"Insecta",,"Diptera","Chironomidae","Tanypodinae",,
"Samp9169","FW08OK036",2009-06-23,"Nanocladius",FALSE,1,"CG","SP",4,3,"Arthropoda",,"Insecta",,"Diptera","Chironomidae","Orthocladiinae",,
"Samp9169","FW08OK036",2009-06-23,"Pentaneura",FALSE,4,"PR","SP",4,6,"Arthropoda",,"Insecta",,"Diptera","Chironomidae","Tanypodinae",,
"Samp9169","FW08OK036",2009-06-23,"Polypedilum",FALSE,8,"SH","CB",4,6,"Arthropoda",,"Insecta",,"Diptera","Chironomidae","Chironominae",,
"Samp9169","FW08OK036",2009-06-23,"Rheotanytarsus",FALSE,4,"CG","CN",4,6,"Arthropoda",,"Insecta",,"Diptera","Chironomidae","Chironominae",,
"Samp9169","FW08OK036",2009-06-23,"Saetheria",FALSE,2,"CG","BU",4,8,"Arthropoda",,"Insecta",,"Diptera","Chironomidae","Chironominae",,
"Samp9169","FW08OK036",2009-06-23,"Tanytarsus",FALSE,17,"CG","CB",4,6,"Arthropoda",,"Insecta",,"Diptera","Chironomidae","Chironominae",,
"Samp9169","FW08OK036",2009-06-23,"Thienemannimyia genus gr.",FALSE,5,,,4,,"Arthropoda",,"Insecta",,"Diptera","Chironomidae","Tanypodinae",,
"Samp9169","FW08OK036",2009-06-23,"Argia",FALSE,1,"PR","CN",4,7,"Arthropoda",,"Insecta",,"Odonata","Coenagrionidae",,,
"Samp9169","FW08OK036",2009-06-23,"Dubiraphia",FALSE,2,"CG","CN",4,4,"Arthropoda",,"Insecta",,"Coleoptera","Elmidae",,,
"Samp9169","FW08OK036",2009-06-23,"Stenelmis",FALSE,1,"SC","CN",4,7,"Arthropoda",,"Insecta",,"Coleoptera","Elmidae",,,
"Samp9169","FW08OK036",2009-06-23,"Erpetogomphus",FALSE,1,"PR","BU",4,4,"Arthropoda",,"Insecta",,"Odonata","Gomphidae",,,
"Samp9169","FW08OK036",2009-06-23,"Gomphidae",TRUE,5,"PR","BU",4,1,"Arthropoda",,"Insecta",,"Odonata","Gomphidae",,,
"Samp9169","FW08OK036",2009-06-23,"Berosus",FALSE,2,"CG","SW",4,5,"Arthropoda",,"Insecta",,"Coleoptera","Hydrophilidae","Berosinae",,
"Samp9169","FW08OK036",2009-06-23,"Hydroptila",FALSE,8,"SC","CN",4,6,"Arthropoda",,"Insecta",,"Trichoptera","Hydroptilidae","Hydroptilinae",,
"Samp9169","FW08OK036",2009-06-23,"Hydroptilidae",TRUE,7,"SC","CN",4,4,"Arthropoda",,"Insecta",,"Trichoptera","Hydroptilidae",,,
"Samp9169","FW08OK036",2009-06-23,"Nectopsyche",FALSE,31,"SH","CB",4,3,"Arthropoda",,"Insecta",,"Trichoptera","Leptoceridae","Leptocerinae",,
"Samp9169","FW08OK036",2009-06-23,"Tricorythodes",FALSE,22,"CG","SP",4,5,"Arthropoda",,"Insecta",,"Ephemeroptera","Leptohyphidae",,,
"Samp9169","FW08OK036",2009-06-23,"Homoeoneuria",FALSE,6,"CF;CG","BU",2,2,"Arthropoda",,"Insecta",,"Ephemeroptera","Oligoneuriidae",,,
"Samp9169","FW08OK036",2009-06-23,"Scirtidae",FALSE,2,"SC","CB",4,4,"Arthropoda",,"Insecta",,"Coleoptera","Scirtidae",,,
"Samp9169","FW08OK036",2009-06-23,"Stratiomyidae",FALSE,1,"CG","SP",,8,"Arthropoda",,"Insecta",,"Diptera","Stratiomyidae",,,
"Samp9170","FW08OK039",2009-07-13,"Physa",FALSE,1,"SC",,5,8,"Mollusca",,"Gastropoda",,"Basommatophora","Physidae",,,
"Samp9170","FW08OK039",2009-07-13,"Chernovskiia",FALSE,1,,,,,"Arthropoda",,"Insecta",,"Diptera","Chironomidae",,,
"Samp9170","FW08OK039",2009-07-13,"Gillotia",FALSE,1,,"BU",,,"Arthropoda",,"Insecta",,"Diptera","Chironomidae","Chironominae",,
"Samp9170","FW08OK039",2009-07-13,"Rheotanytarsus",FALSE,1,"CG","CN",4,6,"Arthropoda",,"Insecta",,"Diptera","Chironomidae","Chironominae",,
"Samp9170","FW08OK039",2009-07-13,"Gomphidae",FALSE,1,"PR","BU",4,1,"Arthropoda",,"Insecta",,"Odonata","Gomphidae",,,
"Samp9176","FW08OK053",2009-05-19,"Paracloeodes",FALSE,1,"SC","SW",4,6,"Arthropoda",,"Insecta",,"Ephemeroptera","Baetidae",,,
"Samp9176","FW08OK053",2009-05-19,"Chironomidae",TRUE,1,"CG","BU",4,6,"Arthropoda",,"Insecta",,"Diptera","Chironomidae",,,
"Samp9176","FW08OK053",2009-05-19,"Cricotopus/orthocladius",FALSE,3,"SH","SP",4,6,"Arthropoda",,"Insecta",,"Diptera","Chironomidae",,,
"Samp9176","FW08OK053",2009-05-19,"Lopescladius",FALSE,1,"SH","SP",4,6,"Arthropoda",,"Insecta",,"Diptera","Chironomidae","Orthocladiinae",,
"Samp9176","FW08OK053",2009-05-19,"Saetheria",FALSE,1,"CG","BU",4,8,"Arthropoda",,"Insecta",,"Diptera","Chironomidae","Chironominae",,
"Samp9176","FW08OK053",2009-05-19,"Progomphus",FALSE,4,"PR","BU",4,3,"Arthropoda",,"Insecta",,"Odonata","Gomphidae",,,
"Samp9190","FW08WA036",2009-09-25,"Hygrobates",FALSE,2,"PR",,4,,"Arthropoda",,"Arachnida",,"Trombidiformes","Hygrobatidae",,,
"Samp9195","CAR9-0910",2014-06-17,"Corbicula",FALSE,13,"CF","BU",6,6,"Mollusca",,"Bivalvia","Heterodonta","Veneroida","Corbiculidae",,,
"Samp9195","CAR9-0910",2014-06-17,"Hygrobates",FALSE,1,"PR",,4,,"Arthropoda",,"Arachnida",,"Trombidiformes","Hygrobatidae",,,
"Samp9195","CAR9-0910",2014-06-17,"Lebertia",FALSE,2,"PR",,4,8,"Arthropoda",,"Arachnida","Acarina","Acariformes","Lebertiidae",,,
"Samp9195","CAR9-0910",2014-06-17,"Limnesia",FALSE,1,,,4,,"Arthropoda",,"Arachnida",,"Trombidiformes","Limnesiidae",,,
"Samp9195","CAR9-0910",2014-06-17,"Sperchon",FALSE,1,"PR",,4,8,"Arthropoda",,"Arachnida","Acarina","Acariformes","Sperchonidae",,,
"Samp9195","CAR9-0910",2014-06-17,"Hyalella",FALSE,2,"CG","SP",4,8,"Arthropoda",,"Malacostraca",,"Amphipoda","Hyalellidae",,,
"Samp9195","CAR9-0910",2014-06-17,"Baetidae",TRUE,5,"CG","SW",4,4,"Arthropoda",,"Insecta",,"Ephemeroptera","Baetidae",,,
"Samp9195","CAR9-0910",2014-06-17,"Centroptilum",FALSE,36,"CG","CN",,2,"Arthropoda",,"Insecta",,"Ephemeroptera","Baetidae",,,
"Samp9195","CAR9-0910",2014-06-17,"Fallceon",FALSE,2,"CG","SW",4,5,"Arthropoda",,"Insecta",,"Ephemeroptera","Baetidae",,,
"Samp9195","CAR9-0910",2014-06-17,"Paracloeodes",FALSE,116,"SC","SW",4,6,"Arthropoda",,"Insecta",,"Ephemeroptera","Baetidae",,,
"Samp9195","CAR9-0910",2014-06-17,"Ablabesmyia",FALSE,1,"PR","SP",5,8,"Arthropoda",,"Insecta",,"Diptera","Chironomidae","Tanypodinae",,
"Samp9195","CAR9-0910",2014-06-17,"Chironomidae",TRUE,9,"CG","BU",4,6,"Arthropoda",,"Insecta",,"Diptera","Chironomidae",,,
"Samp9195","CAR9-0910",2014-06-17,"Cladotanytarsus",FALSE,83,"CF","CB",3,7,"Arthropoda",,"Insecta",,"Diptera","Chironomidae","Chironominae",,
"Samp9195","CAR9-0910",2014-06-17,"Cricotopus/orthocladius",FALSE,2,"SH","SP",4,6,"Arthropoda",,"Insecta",,"Diptera","Chironomidae",,,
"Samp9195","CAR9-0910",2014-06-17,"Cryptochironomus",FALSE,1,"PR","SP",5,8,"Arthropoda",,"Insecta",,"Diptera","Chironomidae","Chironominae",,
"Samp9195","CAR9-0910",2014-06-17,"Dicrotendipes",FALSE,15,"CF","BU",4,8,"Arthropoda",,"Insecta",,"Diptera","Chironomidae","Chironominae",,
"Samp9195","CAR9-0910",2014-06-17,"Polypedilum",FALSE,1,"SH","CB",4,6,"Arthropoda",,"Insecta",,"Diptera","Chironomidae","Chironominae",,
"Samp9195","CAR9-0910",2014-06-17,"Procladius",FALSE,1,"PR","SP",5,9,"Arthropoda",,"Insecta",,"Diptera","Chironomidae","Tanypodinae",,
"Samp9195","CAR9-0910",2014-06-17,"Coenagrionidae",FALSE,2,"PR","CB",4,9,"Arthropoda",,"Insecta",,"Odonata","Coenagrionidae",,,
"Samp9195","CAR9-0910",2014-06-17,"Tricorythodes",FALSE,6,"CG","SP",4,5,"Arthropoda",,"Insecta",,"Ephemeroptera","Leptohyphidae",,,
"Samp9201","KSR9-0912",2013-07-22,"Tubificidae",TRUE,3,"CG","BU",5,10,"Annelida",,"Oligochaeta","Oligochaeta","Haplotaxida","Tubificidae",,,
"Samp9201","KSR9-0912",2013-07-22,"Arachnida",FALSE,1,,,4,,"Arthropoda",,"Arachnida",,,,,,
"Samp9201","KSR9-0912",2013-07-22,"Centroptilum",FALSE,1,"CG","CN",,2,"Arthropoda",,"Insecta",,"Ephemeroptera","Baetidae",,,
"Samp9201","KSR9-0912",2013-07-22,"Caenis",FALSE,15,"CG","SP",4,7,"Arthropoda",,"Insecta",,"Ephemeroptera","Caenidae",,,
"Samp9201","KSR9-0912",2013-07-22,"Cercobrachys",FALSE,4,,,4,,"Arthropoda",,"Insecta",,"Ephemeroptera","Caenidae",,,
"Samp9201","KSR9-0912",2013-07-22,"Ceratopogonidae",TRUE,1,"PR","SP",4,6,"Arthropoda",,"Insecta",,"Diptera","Ceratopogonidae",,,
"Samp9201","KSR9-0912",2013-07-22,"Ceratopogoninae",FALSE,1,"PR","BU",4,6,"Arthropoda",,"Insecta",,"Diptera","Ceratopogonidae","Ceratopogoninae",,
"Samp9201","KSR9-0912",2013-07-22,"Dasyhelea",FALSE,9,"CG","SP",5,6,"Arthropoda",,"Insecta",,"Diptera","Ceratopogonidae","Dasyheleinae",,
"Samp9201","KSR9-0912",2013-07-22,"Chironomidae",TRUE,1,"CG","BU",4,6,"Arthropoda",,"Insecta",,"Diptera","Chironomidae",,,
"Samp9201","KSR9-0912",2013-07-22,"Cladotanytarsus",FALSE,8,"CF","CB",3,7,"Arthropoda",,"Insecta",,"Diptera","Chironomidae","Chironominae",,
"Samp9201","KSR9-0912",2013-07-22,"Coelotanypus",FALSE,1,"PR","BU",4,8,"Arthropoda",,"Insecta",,"Diptera","Chironomidae","Tanypodinae",,
"Samp9201","KSR9-0912",2013-07-22,"Corynoneura",FALSE,1,"CG","SP",3,7,"Arthropoda",,"Insecta",,"Diptera","Chironomidae","Orthocladiinae",,
"Samp9201","KSR9-0912",2013-07-22,"Cricotopus/orthocladius",FALSE,2,"SH","SP",4,6,"Arthropoda",,"Insecta",,"Diptera","Chironomidae",,,
"Samp9201","KSR9-0912",2013-07-22,"Cryptochironomus",FALSE,1,"PR","SP",5,8,"Arthropoda",,"Insecta",,"Diptera","Chironomidae","Chironominae",,
"Samp9201","KSR9-0912",2013-07-22,"Cryptotendipes",FALSE,1,"CG","BU",5,8,"Arthropoda",,"Insecta",,"Diptera","Chironomidae","Chironominae",,
"Samp9201","KSR9-0912",2013-07-22,"Dicrotendipes",FALSE,1,"CF","BU",4,8,"Arthropoda",,"Insecta",,"Diptera","Chironomidae","Chironominae",,
"Samp9201","KSR9-0912",2013-07-22,"Lopescladius",FALSE,41,"SH","SP",4,6,"Arthropoda",,"Insecta",,"Diptera","Chironomidae","Orthocladiinae",,
"Samp9201","KSR9-0912",2013-07-22,"Nanocladius",FALSE,2,"CG","SP",4,3,"Arthropoda",,"Insecta",,"Diptera","Chironomidae","Orthocladiinae",,
"Samp9201","KSR9-0912",2013-07-22,"Paracladopelma",FALSE,2,"CG","SP",4,7,"Arthropoda",,"Insecta",,"Diptera","Chironomidae","Chironominae",,
"Samp9201","KSR9-0912",2013-07-22,"Paratendipes",FALSE,3,"CG","BU",4,8,"Arthropoda",,"Insecta",,"Diptera","Chironomidae","Chironominae",,
"Samp9201","KSR9-0912",2013-07-22,"Polypedilum",FALSE,23,"SH","CB",4,6,"Arthropoda",,"Insecta",,"Diptera","Chironomidae","Chironominae",,
"Samp9201","KSR9-0912",2013-07-22,"Procladius",FALSE,2,"PR","SP",5,9,"Arthropoda",,"Insecta",,"Diptera","Chironomidae","Tanypodinae",,
"Samp9201","KSR9-0912",2013-07-22,"Pseudochironomus",FALSE,2,"CG","BU",4,5,"Arthropoda",,"Insecta",,"Diptera","Chironomidae","Chironominae",,
"Samp9201","KSR9-0912",2013-07-22,"Rheotanytarsus",FALSE,10,"CG","CN",4,6,"Arthropoda",,"Insecta",,"Diptera","Chironomidae","Chironominae",,
"Samp9201","KSR9-0912",2013-07-22,"Saetheria",FALSE,18,"CG","BU",4,8,"Arthropoda",,"Insecta",,"Diptera","Chironomidae","Chironominae",,
"Samp9201","KSR9-0912",2013-07-22,"Stenochironomus",FALSE,1,"CG;SH","BU",4,5,"Arthropoda",,"Insecta",,"Diptera","Chironomidae","Chironominae",,
"Samp9201","KSR9-0912",2013-07-22,"Tanypus",FALSE,3,"PR","SP",5,8,"Arthropoda",,"Insecta",,"Diptera","Chironomidae","Tanypodinae",,
"Samp9201","KSR9-0912",2013-07-22,"Tanytarsus",FALSE,118,"CG","CB",4,6,"Arthropoda",,"Insecta",,"Diptera","Chironomidae","Chironominae",,
"Samp9201","KSR9-0912",2013-07-22,"Thienemanniella",FALSE,1,"CG","SP",4,6,"Arthropoda",,"Insecta",,"Diptera","Chironomidae","Orthocladiinae",,
"Samp9201","KSR9-0912",2013-07-22,"Thienemannimyia genus gr.",FALSE,3,,,4,,"Arthropoda",,"Insecta",,"Diptera","Chironomidae","Tanypodinae",,
"Samp9201","KSR9-0912",2013-07-22,"Ephydridae",FALSE,1,"CG","BU",5,6,"Arthropoda",,"Insecta",,"Diptera","Ephydridae",,,
"Samp9201","KSR9-0912",2013-07-22,"Gomphidae",FALSE,2,"PR","BU",4,1,"Arthropoda",,"Insecta",,"Odonata","Gomphidae",,,
"Samp9201","KSR9-0912",2013-07-22,"Cheumatopsyche",FALSE,2,"CF","CN",4,5,"Arthropoda",,"Insecta",,"Trichoptera","Hydropsychidae","Hydropsychinae",,
"Samp9201","KSR9-0912",2013-07-22,"Hydropsyche",FALSE,2,"CF","CN",4,4,"Arthropoda",,"Insecta",,"Trichoptera","Hydropsychidae","Hydropsychinae",,
"Samp9201","KSR9-0912",2013-07-22,"Hydroptilidae",FALSE,1,"SC","CN",4,4,"Arthropoda",,"Insecta",,"Trichoptera","Hydroptilidae",,,
"Samp9201","KSR9-0912",2013-07-22,"Nectopsyche",FALSE,3,"SH","CB",4,3,"Arthropoda",,"Insecta",,"Trichoptera","Leptoceridae","Leptocerinae",,
"Samp9201","KSR9-0912",2013-07-22,"Tricorythodes",FALSE,9,"CG","SP",4,5,"Arthropoda",,"Insecta",,"Ephemeroptera","Leptohyphidae",,,
"Samp9202","NER9-0904",2013-06-10,"Hyalella",FALSE,1,"CG","SP",4,8,"Arthropoda",,"Malacostraca",,"Amphipoda","Hyalellidae",,,
"Samp9202","NER9-0904",2013-06-10,"Caenis",FALSE,4,"CG","SP",4,7,"Arthropoda",,"Insecta",,"Ephemeroptera","Caenidae",,,
"Samp9202","NER9-0904",2013-06-10,"Chironomus",FALSE,3,"CG","BU",5,10,"Arthropoda",,"Insecta",,"Diptera","Chironomidae","Chironominae",,
"Samp9202","NER9-0904",2013-06-10,"Heptagenia",FALSE,3,"SC","CN",4,4,"Arthropoda",,"Insecta",,"Ephemeroptera","Heptageniidae",,,
"Samp9208","NMR9-0906",2014-05-13,"Cryptochironomus",FALSE,1,"PR","SP",5,8,"Arthropoda",,"Insecta",,"Diptera","Chironomidae","Chironominae",,
"Samp9208","NMR9-0906",2014-05-13,"Progomphus",FALSE,4,"PR","BU",4,3,"Arthropoda",,"Insecta",,"Odonata","Gomphidae",,,
"Samp9208","NMR9-0906",2014-05-13,"Tricorythodes",FALSE,1,"CG","SP",4,5,"Arthropoda",,"Insecta",,"Ephemeroptera","Leptohyphidae",,,
"Samp9209","NVR9-0910",2013-08-01,"Tubificidae",FALSE,2,"CG","BU",5,10,"Annelida",,"Oligochaeta","Oligochaeta","Haplotaxida","Tubificidae",,,
"Samp9209","NVR9-0910",2013-08-01,"Corbicula",FALSE,139,"CF","BU",6,6,"Mollusca",,"Bivalvia","Heterodonta","Veneroida","Corbiculidae",,,
"Samp9209","NVR9-0910",2013-08-01,"Hygrobates",FALSE,6,"PR",,4,,"Arthropoda",,"Arachnida",,"Trombidiformes","Hygrobatidae",,,
"Samp9209","NVR9-0910",2013-08-01,"Lebertia",FALSE,8,"PR",,4,8,"Arthropoda",,"Arachnida","Acarina","Acariformes","Lebertiidae",,,
"Samp9209","NVR9-0910",2013-08-01,"Limnesia",FALSE,5,,,4,,"Arthropoda",,"Arachnida",,"Trombidiformes","Limnesiidae",,,
"Samp9209","NVR9-0910",2013-08-01,"Hyalella",FALSE,1,"CG","SP",4,8,"Arthropoda",,"Malacostraca",,"Amphipoda","Hyalellidae",,,
"Samp9209","NVR9-0910",2013-08-01,"Paracloeodes",FALSE,2,"SC","SW",4,6,"Arthropoda",,"Insecta",,"Ephemeroptera","Baetidae",,,
"Samp9209","NVR9-0910",2013-08-01,"Ceratopogonidae",TRUE,5,"PR","SP",4,6,"Arthropoda",,"Insecta",,"Diptera","Ceratopogonidae",,,
"Samp9209","NVR9-0910",2013-08-01,"Ceratopogoninae",FALSE,31,"PR","BU",4,6,"Arthropoda",,"Insecta",,"Diptera","Ceratopogonidae","Ceratopogoninae",,
"Samp9209","NVR9-0910",2013-08-01,"Chironomidae",TRUE,1,"CG","BU",4,6,"Arthropoda",,"Insecta",,"Diptera","Chironomidae",,,
"Samp9209","NVR9-0910",2013-08-01,"Chironomus",FALSE,3,"CG","BU",5,10,"Arthropoda",,"Insecta",,"Diptera","Chironomidae","Chironominae",,
"Samp9209","NVR9-0910",2013-08-01,"Cladotanytarsus",FALSE,25,"CF","CB",3,7,"Arthropoda",,"Insecta",,"Diptera","Chironomidae","Chironominae",,
"Samp9209","NVR9-0910",2013-08-01,"Dicrotendipes",FALSE,1,"CF","BU",4,8,"Arthropoda",,"Insecta",,"Diptera","Chironomidae","Chironominae",,
"Samp9209","NVR9-0910",2013-08-01,"Paracladopelma",FALSE,4,"CG","SP",4,7,"Arthropoda",,"Insecta",,"Diptera","Chironomidae","Chironominae",,
"Samp9209","NVR9-0910",2013-08-01,"Paratanytarsus",FALSE,6,"CG","SP",4,6,"Arthropoda",,"Insecta",,"Diptera","Chironomidae","Chironominae",,
"Samp9209","NVR9-0910",2013-08-01,"Stempellinella",FALSE,3,"CG","CN",3,2,"Arthropoda",,"Insecta",,"Diptera","Chironomidae","Chironominae",,
"Samp9209","NVR9-0910",2013-08-01,"Tanytarsus",FALSE,19,"CG","CB",4,6,"Arthropoda",,"Insecta",,"Diptera","Chironomidae","Chironominae",,
"Samp9209","NVR9-0910",2013-08-01,"Thienemannimyia genus gr.",FALSE,9,,,4,,"Arthropoda",,"Insecta",,"Diptera","Chironomidae","Tanypodinae",,
"Samp9209","NVR9-0910",2013-08-01,"Coenagrionidae",FALSE,2,"PR","CB",4,9,"Arthropoda",,"Insecta",,"Odonata","Coenagrionidae",,,
"Samp9209","NVR9-0910",2013-08-01,"Nectopsyche",FALSE,1,"SH","CB",4,3,"Arthropoda",,"Insecta",,"Trichoptera","Leptoceridae","Leptocerinae",,
"Samp9209","NVR9-0910",2013-08-01,"Leptohyphidae",TRUE,4,"CG",,4,4,"Arthropoda",,"Insecta",,"Ephemeroptera","Leptohyphidae",,,
"Samp9209","NVR9-0910",2013-08-01,"Tricorythodes",FALSE,8,"CG","SP",4,5,"Arthropoda",,"Insecta",,"Ephemeroptera","Leptohyphidae",,,
"Samp9209","NVR9-0910",2013-08-01,"Hexatoma",FALSE,15,"PR","BU",3,2,"Arthropoda",,"Insecta",,"Diptera","Tipulidae","Limoniinae",,
"Samp9211","OKR9-0901",2013-06-18,"Lymnaeidae",FALSE,2,"SC","CB",4,6,"Mollusca",,"Gastropoda",,"Basommatophora","Lymnaeidae",,,
"Samp9211","OKR9-0901",2013-06-18,"Physidae",FALSE,4,"SC","CB",5,8,"Mollusca",,"Gastropoda",,"Basommatophora","Physidae",,,
"Samp9211","OKR9-0901",2013-06-18,"Caenis",FALSE,1,"CG","SP",4,7,"Arthropoda",,"Insecta",,"Ephemeroptera","Caenidae",,,
"Samp9211","OKR9-0901",2013-06-18,"Ceratopogonidae",FALSE,2,"PR","SP",4,6,"Arthropoda",,"Insecta",,"Diptera","Ceratopogonidae",,,
"Samp9211","OKR9-0901",2013-06-18,"Gillotia",FALSE,2,,"BU",,,"Arthropoda",,"Insecta",,"Diptera","Chironomidae","Chironominae",,
"Samp9211","OKR9-0901",2013-06-18,"Progomphus",FALSE,1,"PR","BU",4,3,"Arthropoda",,"Insecta",,"Odonata","Gomphidae",,,
"Samp9211","OKR9-0901",2013-06-18,"Berosus",FALSE,2,"CG","SW",4,5,"Arthropoda",,"Insecta",,"Coleoptera","Hydrophilidae","Berosinae",,
"Samp9212","OKR9-0903",2014-09-15,"Tubificidae",FALSE,4,"CG","BU",5,10,"Annelida",,"Oligochaeta","Oligochaeta","Haplotaxida","Tubificidae",,,
"Samp9212","OKR9-0903",2014-09-15,"Lymnaeidae",FALSE,1,"SC","CB",4,6,"Mollusca",,"Gastropoda",,"Basommatophora","Lymnaeidae",,,
"Samp9212","OKR9-0903",2014-09-15,"Caenis",FALSE,2,"CG","SP",4,7,"Arthropoda",,"Insecta",,"Ephemeroptera","Caenidae",,,
"Samp9212","OKR9-0903",2014-09-15,"Ceratopogoninae",FALSE,12,"PR","BU",4,6,"Arthropoda",,"Insecta",,"Diptera","Ceratopogonidae","Ceratopogoninae",,
"Samp9212","OKR9-0903",2014-09-15,"Dasyhelea",FALSE,2,"CG","SP",5,6,"Arthropoda",,"Insecta",,"Diptera","Ceratopogonidae","Dasyheleinae",,
"Samp9212","OKR9-0903",2014-09-15,"Chironomidae",TRUE,1,"CG","BU",4,6,"Arthropoda",,"Insecta",,"Diptera","Chironomidae",,,
"Samp9212","OKR9-0903",2014-09-15,"Chironomus",FALSE,2,"CG","BU",5,10,"Arthropoda",,"Insecta",,"Diptera","Chironomidae","Chironominae",,
"Samp9212","OKR9-0903",2014-09-15,"Cryptochironomus",FALSE,29,"PR","SP",5,8,"Arthropoda",,"Insecta",,"Diptera","Chironomidae","Chironominae",,
"Samp9212","OKR9-0903",2014-09-15,"Dicrotendipes",FALSE,2,"CF","BU",4,8,"Arthropoda",,"Insecta",,"Diptera","Chironomidae","Chironominae",,
"Samp9212","OKR9-0903",2014-09-15,"Glyptotendipes",FALSE,8,"CG","BU",4,10,"Arthropoda",,"Insecta",,"Diptera","Chironomidae","Chironominae",,
"Samp9212","OKR9-0903",2014-09-15,"Paratendipes",FALSE,1,"CG","BU",4,8,"Arthropoda",,"Insecta",,"Diptera","Chironomidae","Chironominae",,
"Samp9212","OKR9-0903",2014-09-15,"Polypedilum",FALSE,82,"SH","CB",4,6,"Arthropoda",,"Insecta",,"Diptera","Chironomidae","Chironominae",,
"Samp9212","OKR9-0903",2014-09-15,"Pseudochironomus",FALSE,30,"CG","BU",4,5,"Arthropoda",,"Insecta",,"Diptera","Chironomidae","Chironominae",,
"Samp9212","OKR9-0903",2014-09-15,"Rheotanytarsus",FALSE,1,"CG","CN",4,6,"Arthropoda",,"Insecta",,"Diptera","Chironomidae","Chironominae",,
"Samp9212","OKR9-0903",2014-09-15,"Tanypus",FALSE,19,"PR","SP",5,8,"Arthropoda",,"Insecta",,"Diptera","Chironomidae","Tanypodinae",,
"Samp9212","OKR9-0903",2014-09-15,"Gomphidae",TRUE,5,"PR","BU",4,1,"Arthropoda",,"Insecta",,"Odonata","Gomphidae",,,
"Samp9212","OKR9-0903",2014-09-15,"Progomphus",FALSE,2,"PR","BU",4,3,"Arthropoda",,"Insecta",,"Odonata","Gomphidae",,,
"Samp9212","OKR9-0903",2014-09-15,"Oecetis",FALSE,4,"PR","CN",4,8,"Arthropoda",,"Insecta",,"Trichoptera","Leptoceridae","Leptocerinae",,
"Samp9214","OKR9-0906",2013-07-02,"Tubificidae",FALSE,1,"CG","BU",5,10,"Annelida",,"Oligochaeta","Oligochaeta","Haplotaxida","Tubificidae",,,
"Samp9214","OKR9-0906",2013-07-02,"Paracloeodes",FALSE,1,"SC","SW",4,6,"Arthropoda",,"Insecta",,"Ephemeroptera","Baetidae",,,
"Samp9214","OKR9-0906",2013-07-02,"Ceratopogonidae",TRUE,30,"PR","SP",4,6,"Arthropoda",,"Insecta",,"Diptera","Ceratopogonidae",,,
"Samp9214","OKR9-0906",2013-07-02,"Ceratopogoninae",FALSE,8,"PR","BU",4,6,"Arthropoda",,"Insecta",,"Diptera","Ceratopogonidae","Ceratopogoninae",,
"Samp9214","OKR9-0906",2013-07-02,"Polypedilum",FALSE,53,"SH","CB",4,6,"Arthropoda",,"Insecta",,"Diptera","Chironomidae","Chironominae",,
"Samp9214","OKR9-0906",2013-07-02,"Coenagrionidae",FALSE,5,"PR","CB",4,9,"Arthropoda",,"Insecta",,"Odonata","Coenagrionidae",,,
"Samp9214","OKR9-0906",2013-07-02,"Dolichopodidae",FALSE,1,"PR","SP",,4,"Arthropoda",,"Insecta",,"Diptera","Dolichopodidae","Dolichopodinae",,
"Samp9214","OKR9-0906",2013-07-02,"Berosus",FALSE,1,"CG","SW",4,5,"Arthropoda",,"Insecta",,"Coleoptera","Hydrophilidae","Berosinae",,
"Samp9215","OKR9-0908",2013-06-26,"Ceratopogoninae",FALSE,6,"PR","BU",4,6,"Arthropoda",,"Insecta",,"Diptera","Ceratopogonidae","Ceratopogoninae",,
"Samp9215","OKR9-0908",2013-06-26,"Chironomus",FALSE,55,"CG","BU",5,10,"Arthropoda",,"Insecta",,"Diptera","Chironomidae","Chironominae",,
"Samp9215","OKR9-0908",2013-06-26,"Cladotanytarsus",FALSE,1,"CF","CB",3,7,"Arthropoda",,"Insecta",,"Diptera","Chironomidae","Chironominae",,
"Samp9215","OKR9-0908",2013-06-26,"Cricotopus/orthocladius",FALSE,1,"SH","SP",4,6,"Arthropoda",,"Insecta",,"Diptera","Chironomidae",,,
"Samp9215","OKR9-0908",2013-06-26,"Cryptochironomus",FALSE,4,"PR","SP",5,8,"Arthropoda",,"Insecta",,"Diptera","Chironomidae","Chironominae",,
"Samp9215","OKR9-0908",2013-06-26,"Dicrotendipes",FALSE,4,"CF","BU",4,8,"Arthropoda",,"Insecta",,"Diptera","Chironomidae","Chironominae",,
"Samp9215","OKR9-0908",2013-06-26,"Glyptotendipes",FALSE,6,"CG","BU",4,10,"Arthropoda",,"Insecta",,"Diptera","Chironomidae","Chironominae",,
"Samp9215","OKR9-0908",2013-06-26,"Lopescladius",FALSE,2,"SH","SP",4,6,"Arthropoda",,"Insecta",,"Diptera","Chironomidae","Orthocladiinae",,
"Samp9215","OKR9-0908",2013-06-26,"Paracladopelma",FALSE,1,"CG","SP",4,7,"Arthropoda",,"Insecta",,"Diptera","Chironomidae","Chironominae",,
"Samp9215","OKR9-0908",2013-06-26,"Paratendipes",FALSE,6,"CG","BU",4,8,"Arthropoda",,"Insecta",,"Diptera","Chironomidae","Chironominae",,
"Samp9215","OKR9-0908",2013-06-26,"Polypedilum",FALSE,10,"SH","CB",4,6,"Arthropoda",,"Insecta",,"Diptera","Chironomidae","Chironominae",,
"Samp9215","OKR9-0908",2013-06-26,"Procladius",FALSE,2,"PR","SP",5,9,"Arthropoda",,"Insecta",,"Diptera","Chironomidae","Tanypodinae",,
"Samp9215","OKR9-0908",2013-06-26,"Saetheria",FALSE,1,"CG","BU",4,8,"Arthropoda",,"Insecta",,"Diptera","Chironomidae","Chironominae",,
"Samp9215","OKR9-0908",2013-06-26,"Stictochironomus",FALSE,1,"CG","BU",5,8,"Arthropoda",,"Insecta",,"Diptera","Chironomidae","Chironominae",,
"Samp9215","OKR9-0908",2013-06-26,"Tanypus",FALSE,2,"PR","SP",5,8,"Arthropoda",,"Insecta",,"Diptera","Chironomidae","Tanypodinae",,
"Samp9215","OKR9-0908",2013-06-26,"Thienemannimyia genus gr.",FALSE,1,,,4,,"Arthropoda",,"Insecta",,"Diptera","Chironomidae","Tanypodinae",,
"Samp9215","OKR9-0908",2013-06-26,"Stenelmis",FALSE,1,"SC","CN",4,7,"Arthropoda",,"Insecta",,"Coleoptera","Elmidae",,,
"Samp9215","OKR9-0908",2013-06-26,"Ephydridae",FALSE,1,"CG","BU",5,6,"Arthropoda",,"Insecta",,"Diptera","Ephydridae",,,
"Samp9217","OKRM-1002",2013-07-09,"Physidae",FALSE,1,"SC","CB",5,8,"Mollusca",,"Gastropoda",,"Basommatophora","Physidae",,,
"Samp9217","OKRM-1002",2013-07-09,"Baetidae",FALSE,1,"CG","SW",4,4,"Arthropoda",,"Insecta",,"Ephemeroptera","Baetidae",,,
"Samp9217","OKRM-1002",2013-07-09,"Cercobrachys",FALSE,4,,,4,,"Arthropoda",,"Insecta",,"Ephemeroptera","Caenidae",,,
"Samp9217","OKRM-1002",2013-07-09,"Chironomus",FALSE,3,"CG","BU",5,10,"Arthropoda",,"Insecta",,"Diptera","Chironomidae","Chironominae",,
"Samp9217","OKRM-1002",2013-07-09,"Cryptochironomus",FALSE,2,"PR","SP",5,8,"Arthropoda",,"Insecta",,"Diptera","Chironomidae","Chironominae",,
"Samp9217","OKRM-1002",2013-07-09,"Dicrotendipes",FALSE,1,"CF","BU",4,8,"Arthropoda",,"Insecta",,"Diptera","Chironomidae","Chironominae",,
"Samp9217","OKRM-1002",2013-07-09,"Lopescladius",FALSE,29,"SH","SP",4,6,"Arthropoda",,"Insecta",,"Diptera","Chironomidae","Orthocladiinae",,
"Samp9217","OKRM-1002",2013-07-09,"Nanocladius",FALSE,1,"CG","SP",4,3,"Arthropoda",,"Insecta",,"Diptera","Chironomidae","Orthocladiinae",,
"Samp9217","OKRM-1002",2013-07-09,"Paracladopelma",FALSE,7,"CG","SP",4,7,"Arthropoda",,"Insecta",,"Diptera","Chironomidae","Chironominae",,
"Samp9217","OKRM-1002",2013-07-09,"Paratendipes",FALSE,3,"CG","BU",4,8,"Arthropoda",,"Insecta",,"Diptera","Chironomidae","Chironominae",,
"Samp9217","OKRM-1002",2013-07-09,"Polypedilum",FALSE,1,"SH","CB",4,6,"Arthropoda",,"Insecta",,"Diptera","Chironomidae","Chironominae",,
"Samp9217","OKRM-1002",2013-07-09,"Pseudochironomus",FALSE,2,"CG","BU",4,5,"Arthropoda",,"Insecta",,"Diptera","Chironomidae","Chironominae",,
"Samp9217","OKRM-1002",2013-07-09,"Saetheria",FALSE,2,"CG","BU",4,8,"Arthropoda",,"Insecta",,"Diptera","Chironomidae","Chironominae",,
"Samp9217","OKRM-1002",2013-07-09,"Tanypus",FALSE,1,"PR","SP",5,8,"Arthropoda",,"Insecta",,"Diptera","Chironomidae","Tanypodinae",,
"Samp9217","OKRM-1002",2013-07-09,"Tanytarsus",FALSE,16,"CG","CB",4,6,"Arthropoda",,"Insecta",,"Diptera","Chironomidae","Chironominae",,
"Samp9217","OKRM-1002",2013-07-09,"Coenagrionidae",FALSE,2,"PR","CB",4,9,"Arthropoda",,"Insecta",,"Odonata","Coenagrionidae",,,
"Samp9217","OKRM-1002",2013-07-09,"Gomphidae",FALSE,2,"PR","BU",4,1,"Arthropoda",,"Insecta",,"Odonata","Gomphidae",,,
"Samp9219","OKRM-1021",2014-06-02,"Glossiphoniidae",FALSE,1,"PR","SP",5,7,"Annelida",,"Hirudinea","Hirudinea","Rhynchobdellida","Glossiphoniidae",,,
"Samp9219","OKRM-1021",2014-06-02,"Caenis",FALSE,4,"CG","SP",4,7,"Arthropoda",,"Insecta",,"Ephemeroptera","Caenidae",,,
"Samp9219","OKRM-1021",2014-06-02,"Chironomus",FALSE,16,"CG","BU",5,10,"Arthropoda",,"Insecta",,"Diptera","Chironomidae","Chironominae",,
"Samp9219","OKRM-1021",2014-06-02,"Cryptochironomus",FALSE,1,"PR","SP",5,8,"Arthropoda",,"Insecta",,"Diptera","Chironomidae","Chironominae",,
"Samp9219","OKRM-1021",2014-06-02,"Dicrotendipes",FALSE,4,"CF","BU",4,8,"Arthropoda",,"Insecta",,"Diptera","Chironomidae","Chironominae",,
"Samp9219","OKRM-1021",2014-06-02,"Glyptotendipes",FALSE,5,"CG","BU",4,10,"Arthropoda",,"Insecta",,"Diptera","Chironomidae","Chironominae",,
"Samp9219","OKRM-1021",2014-06-02,"Larsia",FALSE,6,"PR","SP",4,6,"Arthropoda",,"Insecta",,"Diptera","Chironomidae","Tanypodinae",,
"Samp9219","OKRM-1021",2014-06-02,"Polypedilum",FALSE,3,"SH","CB",4,6,"Arthropoda",,"Insecta",,"Diptera","Chironomidae","Chironominae",,
"Samp9219","OKRM-1021",2014-06-02,"Procladius",FALSE,1,"PR","SP",5,9,"Arthropoda",,"Insecta",,"Diptera","Chironomidae","Tanypodinae",,
"Samp9219","OKRM-1021",2014-06-02,"Coenagrionidae",FALSE,4,"PR","CB",4,9,"Arthropoda",,"Insecta",,"Odonata","Coenagrionidae",,,
"Samp9219","OKRM-1021",2014-06-02,"Ephydridae",FALSE,2,"CG","BU",5,6,"Arthropoda",,"Insecta",,"Diptera","Ephydridae",,,
"Samp9219","OKRM-1021",2014-06-02,"Progomphus",FALSE,3,"PR","BU",4,3,"Arthropoda",,"Insecta",,"Odonata","Gomphidae",,,
"Samp9220","OKRM-1026",2014-08-19,"Arrenurus",FALSE,3,"PR",,4,,"Arthropoda",,"Arachnida","Acarina","Trombidiformes","Arrenuridae",,,
"Samp9220","OKRM-1026",2014-08-19,"Cercobrachys",FALSE,3,,,4,,"Arthropoda",,"Insecta",,"Ephemeroptera","Caenidae",,,
"Samp9220","OKRM-1026",2014-08-19,"Ceratopogoninae",FALSE,3,"PR","BU",4,6,"Arthropoda",,"Insecta",,"Diptera","Ceratopogonidae","Ceratopogoninae",,
"Samp9220","OKRM-1026",2014-08-19,"Chironomidae",TRUE,1,"CG","BU",4,6,"Arthropoda",,"Insecta",,"Diptera","Chironomidae",,,
"Samp9220","OKRM-1026",2014-08-19,"Cryptochironomus",FALSE,3,"PR","SP",5,8,"Arthropoda",,"Insecta",,"Diptera","Chironomidae","Chironominae",,
"Samp9220","OKRM-1026",2014-08-19,"Polypedilum",FALSE,1,"SH","CB",4,6,"Arthropoda",,"Insecta",,"Diptera","Chironomidae","Chironominae",,
"Samp9220","OKRM-1026",2014-08-19,"Tanypus",FALSE,11,"PR","SP",5,8,"Arthropoda",,"Insecta",,"Diptera","Chironomidae","Tanypodinae",,
"Samp9220","OKRM-1026",2014-08-19,"Gomphidae",TRUE,2,"PR","BU",4,1,"Arthropoda",,"Insecta",,"Odonata","Gomphidae",,,
"Samp9220","OKRM-1026",2014-08-19,"Progomphus",FALSE,2,"PR","BU",4,3,"Arthropoda",,"Insecta",,"Odonata","Gomphidae",,,
"Samp9220","OKRM-1026",2014-08-19,"Homoeoneuria",FALSE,5,"CF;CG","BU",2,2,"Arthropoda",,"Insecta",,"Ephemeroptera","Oligoneuriidae",,,
"Samp9221","OKRO-1092",2014-06-30,"Tubificidae",FALSE,4,"CG","BU",5,10,"Annelida",,"Oligochaeta","Oligochaeta","Haplotaxida","Tubificidae",,,
"Samp9221","OKRO-1092",2014-06-30,"Hygrobates",FALSE,1,"PR",,4,,"Arthropoda",,"Arachnida",,"Trombidiformes","Hygrobatidae",,,
"Samp9221","OKRO-1092",2014-06-30,"Tyrrellia",FALSE,1,,,,,"Arthropoda",,"Arachnida",,"Trombidiformes","Limnesiidae",,,
"Samp9221","OKRO-1092",2014-06-30,"Baetidae",TRUE,26,"CG","SW",4,4,"Arthropoda",,"Insecta",,"Ephemeroptera","Baetidae",,,
"Samp9221","OKRO-1092",2014-06-30,"Labiobaetis",FALSE,11,"CG","SW",4,6,"Arthropoda",,"Insecta",,"Ephemeroptera","Baetidae",,,
"Samp9221","OKRO-1092",2014-06-30,"Paracloeodes",FALSE,7,"SC","SW",4,6,"Arthropoda",,"Insecta",,"Ephemeroptera","Baetidae",,,
"Samp9221","OKRO-1092",2014-06-30,"Caenis",FALSE,48,"CG","SP",4,7,"Arthropoda",,"Insecta",,"Ephemeroptera","Caenidae",,,
"Samp9221","OKRO-1092",2014-06-30,"Sparbarus",FALSE,1,,,,,"Arthropoda",,"Insecta",,"Ephemeroptera","Caenidae",,,
"Samp9221","OKRO-1092",2014-06-30,"Ceratopogonidae",TRUE,1,"PR","SP",4,6,"Arthropoda",,"Insecta",,"Diptera","Ceratopogonidae",,,
"Samp9221","OKRO-1092",2014-06-30,"Ceratopogoninae",FALSE,3,"PR","BU",4,6,"Arthropoda",,"Insecta",,"Diptera","Ceratopogonidae","Ceratopogoninae",,
"Samp9221","OKRO-1092",2014-06-30,"Ablabesmyia",FALSE,5,"PR","SP",5,8,"Arthropoda",,"Insecta",,"Diptera","Chironomidae","Tanypodinae",,
"Samp9221","OKRO-1092",2014-06-30,"Chironomidae",TRUE,1,"CG","BU",4,6,"Arthropoda",,"Insecta",,"Diptera","Chironomidae",,,
"Samp9221","OKRO-1092",2014-06-30,"Cryptochironomus",FALSE,16,"PR","SP",5,8,"Arthropoda",,"Insecta",,"Diptera","Chironomidae","Chironominae",,
"Samp9221","OKRO-1092",2014-06-30,"Dicrotendipes",FALSE,11,"CF","BU",4,8,"Arthropoda",,"Insecta",,"Diptera","Chironomidae","Chironominae",,
"Samp9221","OKRO-1092",2014-06-30,"Glyptotendipes",FALSE,10,"CG","BU",4,10,"Arthropoda",,"Insecta",,"Diptera","Chironomidae","Chironominae",,
"Samp9221","OKRO-1092",2014-06-30,"Lopescladius",FALSE,1,"SH","SP",4,6,"Arthropoda",,"Insecta",,"Diptera","Chironomidae","Orthocladiinae",,
"Samp9221","OKRO-1092",2014-06-30,"Micropsectra",FALSE,1,"CG","CB",3,7,"Arthropoda",,"Insecta",,"Diptera","Chironomidae","Chironominae",,
"Samp9221","OKRO-1092",2014-06-30,"Nanocladius",FALSE,6,"CG","SP",4,3,"Arthropoda",,"Insecta",,"Diptera","Chironomidae","Orthocladiinae",,
"Samp9221","OKRO-1092",2014-06-30,"Paracladopelma",FALSE,2,"CG","SP",4,7,"Arthropoda",,"Insecta",,"Diptera","Chironomidae","Chironominae",,
"Samp9221","OKRO-1092",2014-06-30,"Paratanytarsus",FALSE,2,"CG","SP",4,6,"Arthropoda",,"Insecta",,"Diptera","Chironomidae","Chironominae",,
"Samp9221","OKRO-1092",2014-06-30,"Paratendipes",FALSE,14,"CG","BU",4,8,"Arthropoda",,"Insecta",,"Diptera","Chironomidae","Chironominae",,
"Samp9221","OKRO-1092",2014-06-30,"Polypedilum",FALSE,14,"SH","CB",4,6,"Arthropoda",,"Insecta",,"Diptera","Chironomidae","Chironominae",,
"Samp9221","OKRO-1092",2014-06-30,"Procladius",FALSE,1,"PR","SP",5,9,"Arthropoda",,"Insecta",,"Diptera","Chironomidae","Tanypodinae",,
"Samp9221","OKRO-1092",2014-06-30,"Saetheria",FALSE,1,"CG","BU",4,8,"Arthropoda",,"Insecta",,"Diptera","Chironomidae","Chironominae",,
"Samp9221","OKRO-1092",2014-06-30,"Tanypus",FALSE,1,"PR","SP",5,8,"Arthropoda",,"Insecta",,"Diptera","Chironomidae","Tanypodinae",,
"Samp9221","OKRO-1092",2014-06-30,"Tanytarsus",FALSE,20,"CG","CB",4,6,"Arthropoda",,"Insecta",,"Diptera","Chironomidae","Chironominae",,
"Samp9221","OKRO-1092",2014-06-30,"Thienemannimyia genus gr.",FALSE,2,,,4,,"Arthropoda",,"Insecta",,"Diptera","Chironomidae","Tanypodinae",,
"Samp9221","OKRO-1092",2014-06-30,"Argia",FALSE,1,"PR","CN",4,7,"Arthropoda",,"Insecta",,"Odonata","Coenagrionidae",,,
"Samp9221","OKRO-1092",2014-06-30,"Coenagrionidae",TRUE,4,"PR","CB",4,9,"Arthropoda",,"Insecta",,"Odonata","Coenagrionidae",,,
"Samp9221","OKRO-1092",2014-06-30,"Dolichopodidae",FALSE,1,"PR","SP",,4,"Arthropoda",,"Insecta",,"Diptera","Dolichopodidae","Dolichopodinae",,
"Samp9221","OKRO-1092",2014-06-30,"Gomphidae",TRUE,1,"PR","BU",4,1,"Arthropoda",,"Insecta",,"Odonata","Gomphidae",,,
"Samp9221","OKRO-1092",2014-06-30,"Progomphus",FALSE,1,"PR","BU",4,3,"Arthropoda",,"Insecta",,"Odonata","Gomphidae",,,
"Samp9221","OKRO-1092",2014-06-30,"Peltodytes",FALSE,5,"SH","CB",4,8,"Arthropoda",,"Insecta",,"Coleoptera","Haliplidae",,,
"Samp9221","OKRO-1092",2014-06-30,"Berosus",FALSE,1,"CG","SW",4,5,"Arthropoda",,"Insecta",,"Coleoptera","Hydrophilidae","Berosinae",,
"Samp9221","OKRO-1092",2014-06-30,"Laccobius",FALSE,52,"PR",,4,7,"Arthropoda",,"Insecta",,"Coleoptera","Hydrophilidae","Hydrophilinae",,
"Samp9221","OKRO-1092",2014-06-30,"Hydroptila",FALSE,3,"SC","CN",4,6,"Arthropoda",,"Insecta",,"Trichoptera","Hydroptilidae","Hydroptilinae",,
"Samp9221","OKRO-1092",2014-06-30,"Nectopsyche",FALSE,14,"SH","CB",4,3,"Arthropoda",,"Insecta",,"Trichoptera","Leptoceridae","Leptocerinae",,
"Samp9221","OKRO-1092",2014-06-30,"Oecetis",FALSE,1,"PR","CN",4,8,"Arthropoda",,"Insecta",,"Trichoptera","Leptoceridae","Leptocerinae",,
"Samp9221","OKRO-1092",2014-06-30,"Tricorythodes",FALSE,1,"CG","SP",4,5,"Arthropoda",,"Insecta",,"Ephemeroptera","Leptohyphidae",,,
"Samp9221","OKRO-1092",2014-06-30,"Ranatra",FALSE,2,"PR","CB",,,"Arthropoda",,"Insecta",,"Hemiptera","Nepidae","Ranatrinae",,
"Samp9221","OKRO-1092",2014-06-30,"Erioptera",FALSE,2,"CG","BU;SP",4,6,"Arthropoda",,"Insecta",,"Diptera","Tipulidae","Limoniinae",,
"Samp9222","TXR9-0909",2013-08-29,"Tubificidae",FALSE,1,"CG","BU",5,10,"Annelida",,"Oligochaeta","Oligochaeta","Haplotaxida","Tubificidae",,,
"Samp9222","TXR9-0909",2013-08-29,"Hydrobiidae",FALSE,5,"SC","CB",,5,"Mollusca",,"Gastropoda",,"Neotaenioglossa","Hydrobiidae",,,
"Samp9222","TXR9-0909",2013-08-29,"Melanoides",FALSE,3,,,6,,"Mollusca",,"Gastropoda",,"Mesogastropoda","Thiaridae",,,
"Samp9222","TXR9-0909",2013-08-29,"Krendowskia",FALSE,6,,,,,"Arthropoda",,"Arachnida",,"Trombidiformes","Krendowskiidae",,,
"Samp9222","TXR9-0909",2013-08-29,"Unionicola",FALSE,1,,,,8,"Arthropoda",,"Arachnida",,"Trombidiformes","Unionicolidae",,,
"Samp9222","TXR9-0909",2013-08-29,"Mysidae",FALSE,4,,,,,"Arthropoda",,"Malacostraca",,"Mysida","Mysidae",,,
"Samp9222","TXR9-0909",2013-08-29,"Caenis",FALSE,8,"CG","SP",4,7,"Arthropoda",,"Insecta",,"Ephemeroptera","Caenidae",,,
"Samp9222","TXR9-0909",2013-08-29,"Ceratopogoninae",FALSE,2,"PR","BU",4,6,"Arthropoda",,"Insecta",,"Diptera","Ceratopogonidae","Ceratopogoninae",,
"Samp9222","TXR9-0909",2013-08-29,"Coelotanypus",FALSE,7,"PR","BU",4,8,"Arthropoda",,"Insecta",,"Diptera","Chironomidae","Tanypodinae",,
"Samp9222","TXR9-0909",2013-08-29,"Cryptochironomus",FALSE,1,"PR","SP",5,8,"Arthropoda",,"Insecta",,"Diptera","Chironomidae","Chironominae",,
"Samp9222","TXR9-0909",2013-08-29,"Dicrotendipes",FALSE,2,"CF","BU",4,8,"Arthropoda",,"Insecta",,"Diptera","Chironomidae","Chironominae",,
"Samp9222","TXR9-0909",2013-08-29,"Polypedilum",FALSE,3,"SH","CB",4,6,"Arthropoda",,"Insecta",,"Diptera","Chironomidae","Chironominae",,
"Samp9222","TXR9-0909",2013-08-29,"Stenochironomus",FALSE,1,"CG;SH","BU",4,5,"Arthropoda",,"Insecta",,"Diptera","Chironomidae","Chironominae",,
"Samp9222","TXR9-0909",2013-08-29,"Tanypus",FALSE,2,"PR","SP",5,8,"Arthropoda",,"Insecta",,"Diptera","Chironomidae","Tanypodinae",,
"Samp9222","TXR9-0909",2013-08-29,"Tanytarsus",FALSE,1,"CG","CB",4,6,"Arthropoda",,"Insecta",,"Diptera","Chironomidae","Chironominae",,
"Samp9222","TXR9-0909",2013-08-29,"Dubiraphia",FALSE,8,"CG","CN",4,4,"Arthropoda",,"Insecta",,"Coleoptera","Elmidae",,,
"Samp9222","TXR9-0909",2013-08-29,"Heterelmis",FALSE,1,"CG","CN",4,4,"Arthropoda",,"Insecta",,"Coleoptera","Elmidae",,,
"Samp9222","TXR9-0909",2013-08-29,"Stenelmis",FALSE,4,"SC","CN",4,7,"Arthropoda",,"Insecta",,"Coleoptera","Elmidae",,,
"Samp9222","TXR9-0909",2013-08-29,"Gomphidae",FALSE,4,"PR","BU",4,1,"Arthropoda",,"Insecta",,"Odonata","Gomphidae",,,
"Samp9222","TXR9-0909",2013-08-29,"Gyrinus",FALSE,1,"PR","SW",3,5,"Arthropoda",,"Insecta",,"Coleoptera","Gyrinidae","Gyrininae",,
"Samp9222","TXR9-0909",2013-08-29,"Nectopsyche",FALSE,4,"SH","CB",4,3,"Arthropoda",,"Insecta",,"Trichoptera","Leptoceridae","Leptocerinae",,
"Samp9222","TXR9-0909",2013-08-29,"Oecetis",FALSE,3,"PR","CN",4,8,"Arthropoda",,"Insecta",,"Trichoptera","Leptoceridae","Leptocerinae",,
"Samp9237","FW08NM023",2009-05-20,"Enchytraeidae",FALSE,1,"CG","BU",5,9,"Annelida",,"Oligochaeta",,"Enchytraeida","Enchytraeidae",,,
"Samp9237","FW08NM023",2009-05-20,"Tubificidae",FALSE,6,"CG","BU",5,10,"Annelida",,"Oligochaeta","Oligochaeta","Haplotaxida","Tubificidae",,,
"Samp9237","FW08NM023",2009-05-20,"Prostoma",FALSE,1,"PR",,4,6,"Nemertea",,"Enopla",,"Hoplonemertea","Tetrastemmatidae",,,
"Samp9237","FW08NM023",2009-05-20,"Baetidae",TRUE,1,"CG","SW",4,4,"Arthropoda",,"Insecta",,"Ephemeroptera","Baetidae",,,
"Samp9237","FW08NM023",2009-05-20,"Fallceon",FALSE,1,"CG","SW",4,5,"Arthropoda",,"Insecta",,"Ephemeroptera","Baetidae",,,
"Samp9237","FW08NM023",2009-05-20,"Caenidae",FALSE,4,"CG","SP",,7,"Arthropoda",,"Insecta",,"Ephemeroptera","Caenidae",,,
"Samp9237","FW08NM023",2009-05-20,"Calopterygidae",TRUE,1,"PR","CB",4,5,"Arthropoda",,"Insecta",,"Odonata","Calopterygidae",,,
"Samp9237","FW08NM023",2009-05-20,"Hetaerina",FALSE,1,"PR","CB",4,6,"Arthropoda",,"Insecta",,"Odonata","Calopterygidae",,,
"Samp9237","FW08NM023",2009-05-20,"Ceratopogonidae",TRUE,2,"PR","SP",4,6,"Arthropoda",,"Insecta",,"Diptera","Ceratopogonidae",,,
"Samp9237","FW08NM023",2009-05-20,"Ceratopogoninae",FALSE,1,"PR","BU",4,6,"Arthropoda",,"Insecta",,"Diptera","Ceratopogonidae","Ceratopogoninae",,
"Samp9237","FW08NM023",2009-05-20,"Ablabesmyia",FALSE,8,"PR","SP",5,8,"Arthropoda",,"Insecta",,"Diptera","Chironomidae","Tanypodinae",,
"Samp9237","FW08NM023",2009-05-20,"Chernovskiia",FALSE,1,,,,,"Arthropoda",,"Insecta",,"Diptera","Chironomidae",,,
"Samp9237","FW08NM023",2009-05-20,"Chironomus",FALSE,2,"CG","BU",5,10,"Arthropoda",,"Insecta",,"Diptera","Chironomidae","Chironominae",,
"Samp9237","FW08NM023",2009-05-20,"Cladotanytarsus",FALSE,2,"CF","CB",3,7,"Arthropoda",,"Insecta",,"Diptera","Chironomidae","Chironominae",,
"Samp9237","FW08NM023",2009-05-20,"Cricotopus/orthocladius",FALSE,12,"SH","SP",4,6,"Arthropoda",,"Insecta",,"Diptera","Chironomidae",,,
"Samp9237","FW08NM023",2009-05-20,"Dicrotendipes",FALSE,20,"CF","BU",4,8,"Arthropoda",,"Insecta",,"Diptera","Chironomidae","Chironominae",,
"Samp9237","FW08NM023",2009-05-20,"Gillotia",FALSE,3,,"BU",,,"Arthropoda",,"Insecta",,"Diptera","Chironomidae","Chironominae",,
"Samp9237","FW08NM023",2009-05-20,"Lopescladius",FALSE,16,"SH","SP",4,6,"Arthropoda",,"Insecta",,"Diptera","Chironomidae","Orthocladiinae",,
"Samp9237","FW08NM023",2009-05-20,"Paracladopelma",FALSE,1,"CG","SP",4,7,"Arthropoda",,"Insecta",,"Diptera","Chironomidae","Chironominae",,
"Samp9237","FW08NM023",2009-05-20,"Parakiefferiella",FALSE,1,"CG","SP",4,6,"Arthropoda",,"Insecta",,"Diptera","Chironomidae","Orthocladiinae",,
"Samp9237","FW08NM023",2009-05-20,"Saetheria",FALSE,1,"CG","BU",4,8,"Arthropoda",,"Insecta",,"Diptera","Chironomidae","Chironominae",,
"Samp9237","FW08NM023",2009-05-20,"Tanytarsus",FALSE,36,"CG","CB",4,6,"Arthropoda",,"Insecta",,"Diptera","Chironomidae","Chironominae",,
"Samp9237","FW08NM023",2009-05-20,"Thienemannimyia genus gr.",FALSE,15,,,4,,"Arthropoda",,"Insecta",,"Diptera","Chironomidae","Tanypodinae",,
"Samp9237","FW08NM023",2009-05-20,"Dytiscidae",FALSE,1,"PR","CB",4,5,"Arthropoda",,"Insecta",,"Coleoptera","Dytiscidae",,,
"Samp9237","FW08NM023",2009-05-20,"Gomphidae",TRUE,10,"PR","BU",4,1,"Arthropoda",,"Insecta",,"Odonata","Gomphidae",,,
"Samp9237","FW08NM023",2009-05-20,"Ophiogomphus",FALSE,1,"PR","BU",4,1,"Arthropoda",,"Insecta",,"Odonata","Gomphidae",,,
"Samp9237","FW08NM023",2009-05-20,"Progomphus",FALSE,2,"PR","BU",4,3,"Arthropoda",,"Insecta",,"Odonata","Gomphidae",,,
"Samp9237","FW08NM023",2009-05-20,"Tricorythodes",FALSE,7,"CG","SP",4,5,"Arthropoda",,"Insecta",,"Ephemeroptera","Leptohyphidae",,,
"Samp9243","FW08OK005",2009-07-28,"Cercobrachys",FALSE,4,,,4,,"Arthropoda",,"Insecta",,"Ephemeroptera","Caenidae",,,
"Samp9243","FW08OK005",2009-07-28,"Chironomidae",TRUE,1,"CG","BU",4,6,"Arthropoda",,"Insecta",,"Diptera","Chironomidae",,,
"Samp9243","FW08OK005",2009-07-28,"Gillotia",FALSE,10,,"BU",,,"Arthropoda",,"Insecta",,"Diptera","Chironomidae","Chironominae",,
"Samp9243","FW08OK005",2009-07-28,"Polypedilum",FALSE,1,"SH","CB",4,6,"Arthropoda",,"Insecta",,"Diptera","Chironomidae","Chironominae",,
"Samp9243","FW08OK005",2009-07-28,"Pseudochironomus",FALSE,2,"CG","BU",4,5,"Arthropoda",,"Insecta",,"Diptera","Chironomidae","Chironominae",,
"Samp9243","FW08OK005",2009-07-28,"Robackia",FALSE,2,"CG","BU",4,2,"Arthropoda",,"Insecta",,"Diptera","Chironomidae","Chironominae",,
"Samp9243","FW08OK005",2009-07-28,"Tanypus",FALSE,26,"PR","SP",5,8,"Arthropoda",,"Insecta",,"Diptera","Chironomidae","Tanypodinae",,
"Samp9243","FW08OK005",2009-07-28,"Tanytarsus",FALSE,2,"CG","CB",4,6,"Arthropoda",,"Insecta",,"Diptera","Chironomidae","Chironominae",,
"Samp9243","FW08OK005",2009-07-28,"Progomphus",FALSE,1,"PR","BU",4,3,"Arthropoda",,"Insecta",,"Odonata","Gomphidae",,,
"Samp9243","FW08OK005",2009-07-28,"Homoeoneuria",FALSE,4,"CF;CG","BU",2,2,"Arthropoda",,"Insecta",,"Ephemeroptera","Oligoneuriidae",,,
"Samp9244","FW08OK011",2008-07-15,"Caenis",FALSE,42,"CG","SP",4,7,"Arthropoda",,"Insecta",,"Ephemeroptera","Caenidae",,,
"Samp9244","FW08OK011",2008-07-15,"Ablabesmyia",FALSE,2,"PR","SP",5,8,"Arthropoda",,"Insecta",,"Diptera","Chironomidae","Tanypodinae",,
"Samp9244","FW08OK011",2008-07-15,"Chironomidae",TRUE,3,"CG","BU",4,6,"Arthropoda",,"Insecta",,"Diptera","Chironomidae",,,
"Samp9244","FW08OK011",2008-07-15,"Chironomus",FALSE,3,"CG","BU",5,10,"Arthropoda",,"Insecta",,"Diptera","Chironomidae","Chironominae",,
"Samp9244","FW08OK011",2008-07-15,"Dicrotendipes",FALSE,7,"CF","BU",4,8,"Arthropoda",,"Insecta",,"Diptera","Chironomidae","Chironominae",,
"Samp9244","FW08OK011",2008-07-15,"Saetheria",FALSE,2,"CG","BU",4,8,"Arthropoda",,"Insecta",,"Diptera","Chironomidae","Chironominae",,
"Samp9244","FW08OK011",2008-07-15,"Argia",FALSE,1,"PR","CN",4,7,"Arthropoda",,"Insecta",,"Odonata","Coenagrionidae",,,
"Samp9244","FW08OK011",2008-07-15,"Helichus",FALSE,1,"SH","CN",3,5,"Arthropoda",,"Insecta",,"Coleoptera","Dryopidae",,,
"Samp9244","FW08OK011",2008-07-15,"Dubiraphia",FALSE,1,"CG","CN",4,4,"Arthropoda",,"Insecta",,"Coleoptera","Elmidae",,,
"Samp9244","FW08OK011",2008-07-15,"Stenelmis",FALSE,2,"SC","CN",4,7,"Arthropoda",,"Insecta",,"Coleoptera","Elmidae",,,
"Samp9244","FW08OK011",2008-07-15,"Gomphidae",FALSE,1,"PR","BU",4,1,"Arthropoda",,"Insecta",,"Odonata","Gomphidae",,,
"Samp9244","FW08OK011",2008-07-15,"Heptageniidae",FALSE,2,"SC","CN",3,4,"Arthropoda",,"Insecta",,"Ephemeroptera","Heptageniidae",,,
"Samp9244","FW08OK011",2008-07-15,"Hydropsyche",FALSE,3,"CF","CN",4,4,"Arthropoda",,"Insecta",,"Trichoptera","Hydropsychidae","Hydropsychinae",,
"Samp9244","FW08OK011",2008-07-15,"Nectopsyche",FALSE,18,"SH","CB",4,3,"Arthropoda",,"Insecta",,"Trichoptera","Leptoceridae","Leptocerinae",,
"Samp9244","FW08OK011",2008-07-15,"Oecetis",FALSE,3,"PR","CN",4,8,"Arthropoda",,"Insecta",,"Trichoptera","Leptoceridae","Leptocerinae",,
"Samp9244","FW08OK011",2008-07-15,"Tricorythodes",FALSE,8,"CG","SP",4,5,"Arthropoda",,"Insecta",,"Ephemeroptera","Leptohyphidae",,,
"Samp9246","FW08OK056",2009-06-15,"Argulus",FALSE,1,,,,,"Arthropoda","Crustacea","Maxillopoda",,"Arguloida","Argulidae",,,
"Samp9246","FW08OK056",2009-06-15,"Chironomidae",TRUE,1,"CG","BU",4,6,"Arthropoda",,"Insecta",,"Diptera","Chironomidae",,,
"Samp9246","FW08OK056",2009-06-15,"Cricotopus/orthocladius",FALSE,1,"SH","SP",4,6,"Arthropoda",,"Insecta",,"Diptera","Chironomidae",,,
"Samp9246","FW08OK056",2009-06-15,"Gillotia",FALSE,2,,"BU",,,"Arthropoda",,"Insecta",,"Diptera","Chironomidae","Chironominae",,
"Samp9246","FW08OK056",2009-06-15,"Paratendipes",FALSE,1,"CG","BU",4,8,"Arthropoda",,"Insecta",,"Diptera","Chironomidae","Chironominae",,
"Samp9246","FW08OK056",2009-06-15,"Polypedilum",FALSE,1,"SH","CB",4,6,"Arthropoda",,"Insecta",,"Diptera","Chironomidae","Chironominae",,
"Samp9246","FW08OK056",2009-06-15,"Tanytarsus",FALSE,1,"CG","CB",4,6,"Arthropoda",,"Insecta",,"Diptera","Chironomidae","Chironominae",,
"Samp9246","FW08OK056",2009-06-15,"Berosus",FALSE,1,"CG","SW",4,5,"Arthropoda",,"Insecta",,"Coleoptera","Hydrophilidae","Berosinae",,
"Samp9246","FW08OK056",2009-06-15,"Homoeoneuria",FALSE,2,"CF;CG","BU",2,2,"Arthropoda",,"Insecta",,"Ephemeroptera","Oligoneuriidae",,,
"Samp9247","FW08TX052",2009-07-09,"Chironomidae",TRUE,1,"CG","BU",4,6,"Arthropoda",,"Insecta",,"Diptera","Chironomidae",,,
"Samp9247","FW08TX052",2009-07-09,"Larsia",FALSE,1,"PR","SP",4,6,"Arthropoda",,"Insecta",,"Diptera","Chironomidae","Tanypodinae",,
"Samp9247","FW08TX052",2009-07-09,"Cheumatopsyche",FALSE,1,"CF","CN",4,5,"Arthropoda",,"Insecta",,"Trichoptera","Hydropsychidae","Hydropsychinae",,
"Samp9248","FW08TX065",2009-06-23,"Cercobrachys",FALSE,1,,,4,,"Arthropoda",,"Insecta",,"Ephemeroptera","Caenidae",,,
"Samp9248","FW08TX065",2009-06-23,"Dasyhelea",FALSE,40,"CG","SP",5,6,"Arthropoda",,"Insecta",,"Diptera","Ceratopogonidae","Dasyheleinae",,
"Samp9248","FW08TX065",2009-06-23,"Chironomidae",TRUE,1,"CG","BU",4,6,"Arthropoda",,"Insecta",,"Diptera","Chironomidae",,,
"Samp9248","FW08TX065",2009-06-23,"Chironomus",FALSE,11,"CG","BU",5,10,"Arthropoda",,"Insecta",,"Diptera","Chironomidae","Chironominae",,
"Samp9248","FW08TX065",2009-06-23,"Gillotia",FALSE,3,,"BU",,,"Arthropoda",,"Insecta",,"Diptera","Chironomidae","Chironominae",,
"Samp9248","FW08TX065",2009-06-23,"Lopescladius",FALSE,6,"SH","SP",4,6,"Arthropoda",,"Insecta",,"Diptera","Chironomidae","Orthocladiinae",,
"Samp9248","FW08TX065",2009-06-23,"Tanypus",FALSE,37,"PR","SP",5,8,"Arthropoda",,"Insecta",,"Diptera","Chironomidae","Tanypodinae",,
"Samp9248","FW08TX065",2009-06-23,"Tanytarsus",FALSE,1,"CG","CB",4,6,"Arthropoda",,"Insecta",,"Diptera","Chironomidae","Chironominae",,
"Samp9248","FW08TX065",2009-06-23,"Hydroptila",FALSE,1,"SC","CN",4,6,"Arthropoda",,"Insecta",,"Trichoptera","Hydroptilidae","Hydroptilinae",,
