"SampleID","StationID","CollDate","TaxaID","N_Taxa"
"Samp9142","FW08CA061",2008-09-12,"Dero",18
"Samp9142","FW08CA061",2008-09-12,"Nais",26
"Samp9142","FW08CA061",2008-09-12,"Pristina",7
"Samp9142","FW08CA061",2008-09-12,"Tubificidae",6
"Samp9142","FW08CA061",2008-09-12,"Turbellaria",5
"Samp9142","FW08CA061",2008-09-12,"Corbicula",14
"Samp9142","FW08CA061",2008-09-12,"Prostoma",1
"Samp9142","FW08CA061",2008-09-12,"Physa",15
"Samp9142","FW08CA061",2008-09-12,"Lebertia",1
"Samp9142","FW08CA061",2008-09-12,"Mideopsis",2
"Samp9142","FW08CA061",2008-09-12,"Hyalella",9
"Samp9142","FW08CA061",2008-09-12,"Centroptilum",7
"Samp9142","FW08CA061",2008-09-12,"Fallceon",2
"Samp9142","FW08CA061",2008-09-12,"Ablabesmyia",14
"Samp9142","FW08CA061",2008-09-12,"Cricotopus/orthocladius",8
"Samp9142","FW08CA061",2008-09-12,"Cryptotendipes",2
"Samp9142","FW08CA061",2008-09-12,"Dicrotendipes",120
"Samp9142","FW08CA061",2008-09-12,"Nanocladius",1
"Samp9142","FW08CA061",2008-09-12,"Paratendipes",1
"Samp9142","FW08CA061",2008-09-12,"Procladius",2
"Samp9142","FW08CA061",2008-09-12,"Tanytarsus",4
"Samp9142","FW08CA061",2008-09-12,"Argia",2
"Samp9142","FW08CA061",2008-09-12,"Coenagrionidae",23
"Samp9142","FW08CA061",2008-09-12,"Dubiraphia",6
"Samp9142","FW08CA061",2008-09-12,"Hydroptila",2
"Samp9142","FW08CA061",2008-09-12,"Oxyethira",1
"Samp9142","FW08CA061",2008-09-12,"Nectopsyche",1
"Samp9143","FW08CO033",2009-09-15,"Cambarincolidae",1
"Samp9143","FW08CO033",2009-09-15,"Ferrissia",1
"Samp9143","FW08CO033",2009-09-15,"Cambaridae",1
"Samp9143","FW08CO033",2009-09-15,"Orconectes",1
"Samp9143","FW08CO033",2009-09-15,"Acentrella",2
"Samp9143","FW08CO033",2009-09-15,"Baetis",4
"Samp9143","FW08CO033",2009-09-15,"Fallceon",1
"Samp9143","FW08CO033",2009-09-15,"Cricotopus/orthocladius",3
"Samp9143","FW08CO033",2009-09-15,"Lopescladius",7
"Samp9143","FW08CO033",2009-09-15,"Microtendipes",1
"Samp9143","FW08CO033",2009-09-15,"Paralauterborniella",1
"Samp9143","FW08CO033",2009-09-15,"Polypedilum",1
"Samp9143","FW08CO033",2009-09-15,"Saetheria",1
"Samp9143","FW08CO033",2009-09-15,"Stempellinella",1
"Samp9143","FW08CO033",2009-09-15,"Empididae",1
"Samp9143","FW08CO033",2009-09-15,"Glossosoma",4
"Samp9143","FW08CO033",2009-09-15,"Ophiogomphus",2
"Samp9143","FW08CO033",2009-09-15,"Heptageniidae",1
"Samp9143","FW08CO033",2009-09-15,"Cheumatopsyche",2
"Samp9143","FW08CO033",2009-09-15,"Hydropsyche",4
"Samp9143","FW08CO033",2009-09-15,"Hydroptila",1
"Samp9143","FW08CO033",2009-09-15,"Nectopsyche",2
"Samp9143","FW08CO033",2009-09-15,"Oecetis",1
"Samp9143","FW08CO033",2009-09-15,"Tricorythodes",28
"Samp9143","FW08CO033",2009-09-15,"Leptophlebia",1
"Samp9154","FW08NE021",2008-08-14,"Lymnaeidae",1
"Samp9154","FW08NE021",2008-08-14,"Cambaridae",7
"Samp9154","FW08NE021",2008-08-14,"Hyalella",1
"Samp9154","FW08NE021",2008-08-14,"Isonychia",8
"Samp9154","FW08NE021",2008-08-14,"Tricorythodes",4
"Samp9160","FW08NE046",2009-06-08,"Physa",2
"Samp9160","FW08NE046",2009-06-08,"Callibaetis",8
"Samp9160","FW08NE046",2009-06-08,"Ceratopogoninae",1
"Samp9160","FW08NE046",2009-06-08,"Chironomus",8
"Samp9160","FW08NE046",2009-06-08,"Cladotanytarsus",1
"Samp9160","FW08NE046",2009-06-08,"Cryptochironomus",1
"Samp9160","FW08NE046",2009-06-08,"Dicrotendipes",1
"Samp9160","FW08NE046",2009-06-08,"Tropisternus",2
"Samp9162","FW08OK014",2008-08-18,"Dasyhelea",1
"Samp9162","FW08OK014",2008-08-18,"Polypedilum",1
"Samp9162","FW08OK014",2008-08-18,"Rheotanytarsus",1
"Samp9162","FW08OK014",2008-08-18,"Saetheria",1
"Samp9162","FW08OK014",2008-08-18,"Dubiraphia",1
"Samp9162","FW08OK014",2008-08-18,"Ephydridae",1
"Samp9162","FW08OK014",2008-08-18,"Gomphidae",1
"Samp9162","FW08OK014",2008-08-18,"Progomphus",1
"Samp9162","FW08OK014",2008-08-18,"Nectopsyche",1
"Samp9163","FW08OK017",2009-06-22,"Corbicula",1
"Samp9163","FW08OK017",2009-06-22,"Cercobrachys",6
"Samp9163","FW08OK017",2009-06-22,"Gillotia",3
"Samp9163","FW08OK017",2009-06-22,"Procladius",1
"Samp9163","FW08OK017",2009-06-22,"Progomphus",1
"Samp9163","FW08OK017",2009-06-22,"Homoeoneuria",1
"Samp9167","FW08OK027",2009-08-17,"Procloeon",1
"Samp9167","FW08OK027",2009-08-17,"Cercobrachys",1
"Samp9167","FW08OK027",2009-08-17,"Dasyhelea",1
"Samp9167","FW08OK027",2009-08-17,"Chironomidae",2
"Samp9167","FW08OK027",2009-08-17,"Cladotanytarsus",1
"Samp9167","FW08OK027",2009-08-17,"Cryptochironomus",1
"Samp9167","FW08OK027",2009-08-17,"Lopescladius",285
"Samp9167","FW08OK027",2009-08-17,"Paratendipes",2
"Samp9167","FW08OK027",2009-08-17,"Saetheria",2
"Samp9167","FW08OK027",2009-08-17,"Dolichopodidae",3
"Samp9167","FW08OK027",2009-08-17,"Progomphus",1
"Samp9169","FW08OK036",2009-06-23,"Pisidiidae",10
"Samp9169","FW08OK036",2009-06-23,"Sphaerium",1
"Samp9169","FW08OK036",2009-06-23,"Hyalella",14
"Samp9169","FW08OK036",2009-06-23,"Baetidae",1
"Samp9169","FW08OK036",2009-06-23,"Fallceon",4
"Samp9169","FW08OK036",2009-06-23,"Paracloeodes",9
"Samp9169","FW08OK036",2009-06-23,"Caenis",114
"Samp9169","FW08OK036",2009-06-23,"Cercobrachys",10
"Samp9169","FW08OK036",2009-06-23,"Calopterygidae",1
"Samp9169","FW08OK036",2009-06-23,"Hetaerina",2
"Samp9169","FW08OK036",2009-06-23,"Ceratopogonidae",1
"Samp9169","FW08OK036",2009-06-23,"Cryptochironomus",1
"Samp9169","FW08OK036",2009-06-23,"Dicrotendipes",1
"Samp9169","FW08OK036",2009-06-23,"Labrundinia",1
"Samp9169","FW08OK036",2009-06-23,"Nanocladius",1
"Samp9169","FW08OK036",2009-06-23,"Pentaneura",4
"Samp9169","FW08OK036",2009-06-23,"Polypedilum",8
"Samp9169","FW08OK036",2009-06-23,"Rheotanytarsus",4
"Samp9169","FW08OK036",2009-06-23,"Saetheria",2
"Samp9169","FW08OK036",2009-06-23,"Tanytarsus",17
"Samp9169","FW08OK036",2009-06-23,"Thienemannimyia genus gr.",5
"Samp9169","FW08OK036",2009-06-23,"Argia",1
"Samp9169","FW08OK036",2009-06-23,"Dubiraphia",2
"Samp9169","FW08OK036",2009-06-23,"Stenelmis",1
"Samp9169","FW08OK036",2009-06-23,"Erpetogomphus",1
"Samp9169","FW08OK036",2009-06-23,"Gomphidae",5
"Samp9169","FW08OK036",2009-06-23,"Berosus",2
"Samp9169","FW08OK036",2009-06-23,"Hydroptila",8
"Samp9169","FW08OK036",2009-06-23,"Hydroptilidae",7
"Samp9169","FW08OK036",2009-06-23,"Nectopsyche",31
"Samp9169","FW08OK036",2009-06-23,"Tricorythodes",22
"Samp9169","FW08OK036",2009-06-23,"Homoeoneuria",6
"Samp9169","FW08OK036",2009-06-23,"Scirtidae",2
"Samp9169","FW08OK036",2009-06-23,"Stratiomyidae",1
"Samp9170","FW08OK039",2009-07-13,"Physa",1
"Samp9170","FW08OK039",2009-07-13,"Chernovskiia",1
"Samp9170","FW08OK039",2009-07-13,"Gillotia",1
"Samp9170","FW08OK039",2009-07-13,"Rheotanytarsus",1
"Samp9170","FW08OK039",2009-07-13,"Gomphidae",1
"Samp9176","FW08OK053",2009-05-19,"Paracloeodes",1
"Samp9176","FW08OK053",2009-05-19,"Chironomidae",1
"Samp9176","FW08OK053",2009-05-19,"Cricotopus/orthocladius",3
"Samp9176","FW08OK053",2009-05-19,"Lopescladius",1
"Samp9176","FW08OK053",2009-05-19,"Saetheria",1
"Samp9176","FW08OK053",2009-05-19,"Progomphus",4
"Samp9190","FW08WA036",2009-09-25,"Hygrobates",2
"Samp9195","CAR9-0910",2014-06-17,"Corbicula",13
"Samp9195","CAR9-0910",2014-06-17,"Hygrobates",1
"Samp9195","CAR9-0910",2014-06-17,"Lebertia",2
"Samp9195","CAR9-0910",2014-06-17,"Limnesia",1
"Samp9195","CAR9-0910",2014-06-17,"Sperchon",1
"Samp9195","CAR9-0910",2014-06-17,"Hyalella",2
"Samp9195","CAR9-0910",2014-06-17,"Baetidae",5
"Samp9195","CAR9-0910",2014-06-17,"Centroptilum",36
"Samp9195","CAR9-0910",2014-06-17,"Fallceon",2
"Samp9195","CAR9-0910",2014-06-17,"Paracloeodes",116
"Samp9195","CAR9-0910",2014-06-17,"Ablabesmyia",1
"Samp9195","CAR9-0910",2014-06-17,"Chironomidae",9
"Samp9195","CAR9-0910",2014-06-17,"Cladotanytarsus",83
"Samp9195","CAR9-0910",2014-06-17,"Cricotopus/orthocladius",2
"Samp9195","CAR9-0910",2014-06-17,"Cryptochironomus",1
"Samp9195","CAR9-0910",2014-06-17,"Dicrotendipes",15
"Samp9195","CAR9-0910",2014-06-17,"Polypedilum",1
"Samp9195","CAR9-0910",2014-06-17,"Procladius",1
"Samp9195","CAR9-0910",2014-06-17,"Coenagrionidae",2
"Samp9195","CAR9-0910",2014-06-17,"Tricorythodes",6
"Samp9201","KSR9-0912",2013-07-22,"Tubificidae",3
"Samp9201","KSR9-0912",2013-07-22,"Arachnida",1
"Samp9201","KSR9-0912",2013-07-22,"Centroptilum",1
"Samp9201","KSR9-0912",2013-07-22,"Caenis",15
"Samp9201","KSR9-0912",2013-07-22,"Cercobrachys",4
"Samp9201","KSR9-0912",2013-07-22,"Ceratopogonidae",1
"Samp9201","KSR9-0912",2013-07-22,"Ceratopogoninae",1
"Samp9201","KSR9-0912",2013-07-22,"Dasyhelea",9
"Samp9201","KSR9-0912",2013-07-22,"Chironomidae",1
"Samp9201","KSR9-0912",2013-07-22,"Cladotanytarsus",8
"Samp9201","KSR9-0912",2013-07-22,"Coelotanypus",1
"Samp9201","KSR9-0912",2013-07-22,"Corynoneura",1
"Samp9201","KSR9-0912",2013-07-22,"Cricotopus/orthocladius",2
"Samp9201","KSR9-0912",2013-07-22,"Cryptochironomus",1
"Samp9201","KSR9-0912",2013-07-22,"Cryptotendipes",1
"Samp9201","KSR9-0912",2013-07-22,"Dicrotendipes",1
"Samp9201","KSR9-0912",2013-07-22,"Lopescladius",41
"Samp9201","KSR9-0912",2013-07-22,"Nanocladius",2
"Samp9201","KSR9-0912",2013-07-22,"Paracladopelma",2
"Samp9201","KSR9-0912",2013-07-22,"Paratendipes",3
"Samp9201","KSR9-0912",2013-07-22,"Polypedilum",23
"Samp9201","KSR9-0912",2013-07-22,"Procladius",2
"Samp9201","KSR9-0912",2013-07-22,"Pseudochironomus",2
"Samp9201","KSR9-0912",2013-07-22,"Rheotanytarsus",10
"Samp9201","KSR9-0912",2013-07-22,"Saetheria",18
"Samp9201","KSR9-0912",2013-07-22,"Stenochironomus",1
"Samp9201","KSR9-0912",2013-07-22,"Tanypus",3
"Samp9201","KSR9-0912",2013-07-22,"Tanytarsus",118
"Samp9201","KSR9-0912",2013-07-22,"Thienemanniella",1
"Samp9201","KSR9-0912",2013-07-22,"Thienemannimyia genus gr.",3
"Samp9201","KSR9-0912",2013-07-22,"Ephydridae",1
"Samp9201","KSR9-0912",2013-07-22,"Gomphidae",2
"Samp9201","KSR9-0912",2013-07-22,"Cheumatopsyche",2
"Samp9201","KSR9-0912",2013-07-22,"Hydropsyche",2
"Samp9201","KSR9-0912",2013-07-22,"Hydroptilidae",1
"Samp9201","KSR9-0912",2013-07-22,"Nectopsyche",3
"Samp9201","KSR9-0912",2013-07-22,"Tricorythodes",9
"Samp9202","NER9-0904",2013-06-10,"Hyalella",1
"Samp9202","NER9-0904",2013-06-10,"Caenis",4
"Samp9202","NER9-0904",2013-06-10,"Chironomus",3
"Samp9202","NER9-0904",2013-06-10,"Heptagenia",3
"Samp9208","NMR9-0906",2014-05-13,"Cryptochironomus",1
"Samp9208","NMR9-0906",2014-05-13,"Progomphus",4
"Samp9208","NMR9-0906",2014-05-13,"Tricorythodes",1
"Samp9209","NVR9-0910",2013-08-01,"Tubificidae",2
"Samp9209","NVR9-0910",2013-08-01,"Corbicula",139
"Samp9209","NVR9-0910",2013-08-01,"Hygrobates",6
"Samp9209","NVR9-0910",2013-08-01,"Lebertia",8
"Samp9209","NVR9-0910",2013-08-01,"Limnesia",5
"Samp9209","NVR9-0910",2013-08-01,"Hyalella",1
"Samp9209","NVR9-0910",2013-08-01,"Paracloeodes",2
"Samp9209","NVR9-0910",2013-08-01,"Ceratopogonidae",5
"Samp9209","NVR9-0910",2013-08-01,"Ceratopogoninae",31
"Samp9209","NVR9-0910",2013-08-01,"Chironomidae",1
"Samp9209","NVR9-0910",2013-08-01,"Chironomus",3
"Samp9209","NVR9-0910",2013-08-01,"Cladotanytarsus",25
"Samp9209","NVR9-0910",2013-08-01,"Dicrotendipes",1
"Samp9209","NVR9-0910",2013-08-01,"Paracladopelma",4
"Samp9209","NVR9-0910",2013-08-01,"Paratanytarsus",6
"Samp9209","NVR9-0910",2013-08-01,"Stempellinella",3
"Samp9209","NVR9-0910",2013-08-01,"Tanytarsus",19
"Samp9209","NVR9-0910",2013-08-01,"Thienemannimyia genus gr.",9
"Samp9209","NVR9-0910",2013-08-01,"Coenagrionidae",2
"Samp9209","NVR9-0910",2013-08-01,"Nectopsyche",1
"Samp9209","NVR9-0910",2013-08-01,"Leptohyphidae",4
"Samp9209","NVR9-0910",2013-08-01,"Tricorythodes",8
"Samp9209","NVR9-0910",2013-08-01,"Hexatoma",15
"Samp9211","OKR9-0901",2013-06-18,"Lymnaeidae",2
"Samp9211","OKR9-0901",2013-06-18,"Physidae",4
"Samp9211","OKR9-0901",2013-06-18,"Caenis",1
"Samp9211","OKR9-0901",2013-06-18,"Ceratopogonidae",2
"Samp9211","OKR9-0901",2013-06-18,"Gillotia",2
"Samp9211","OKR9-0901",2013-06-18,"Progomphus",1
"Samp9211","OKR9-0901",2013-06-18,"Berosus",2
"Samp9212","OKR9-0903",2014-09-15,"Tubificidae",4
"Samp9212","OKR9-0903",2014-09-15,"Lymnaeidae",1
"Samp9212","OKR9-0903",2014-09-15,"Caenis",2
"Samp9212","OKR9-0903",2014-09-15,"Ceratopogoninae",12
"Samp9212","OKR9-0903",2014-09-15,"Dasyhelea",2
"Samp9212","OKR9-0903",2014-09-15,"Chironomidae",1
"Samp9212","OKR9-0903",2014-09-15,"Chironomus",2
"Samp9212","OKR9-0903",2014-09-15,"Cryptochironomus",29
"Samp9212","OKR9-0903",2014-09-15,"Dicrotendipes",2
"Samp9212","OKR9-0903",2014-09-15,"Glyptotendipes",8
"Samp9212","OKR9-0903",2014-09-15,"Paratendipes",1
"Samp9212","OKR9-0903",2014-09-15,"Polypedilum",82
"Samp9212","OKR9-0903",2014-09-15,"Pseudochironomus",30
"Samp9212","OKR9-0903",2014-09-15,"Rheotanytarsus",1
"Samp9212","OKR9-0903",2014-09-15,"Tanypus",19
"Samp9212","OKR9-0903",2014-09-15,"Gomphidae",5
"Samp9212","OKR9-0903",2014-09-15,"Progomphus",2
"Samp9212","OKR9-0903",2014-09-15,"Oecetis",4
"Samp9214","OKR9-0906",2013-07-02,"Tubificidae",1
"Samp9214","OKR9-0906",2013-07-02,"Paracloeodes",1
"Samp9214","OKR9-0906",2013-07-02,"Ceratopogonidae",30
"Samp9214","OKR9-0906",2013-07-02,"Ceratopogoninae",8
"Samp9214","OKR9-0906",2013-07-02,"Polypedilum",53
"Samp9214","OKR9-0906",2013-07-02,"Coenagrionidae",5
"Samp9214","OKR9-0906",2013-07-02,"Dolichopodidae",1
"Samp9214","OKR9-0906",2013-07-02,"Berosus",1
"Samp9215","OKR9-0908",2013-06-26,"Ceratopogoninae",6
"Samp9215","OKR9-0908",2013-06-26,"Chironomus",55
"Samp9215","OKR9-0908",2013-06-26,"Cladotanytarsus",1
"Samp9215","OKR9-0908",2013-06-26,"Cricotopus/orthocladius",1
"Samp9215","OKR9-0908",2013-06-26,"Cryptochironomus",4
"Samp9215","OKR9-0908",2013-06-26,"Dicrotendipes",4
"Samp9215","OKR9-0908",2013-06-26,"Glyptotendipes",6
"Samp9215","OKR9-0908",2013-06-26,"Lopescladius",2
"Samp9215","OKR9-0908",2013-06-26,"Paracladopelma",1
"Samp9215","OKR9-0908",2013-06-26,"Paratendipes",6
"Samp9215","OKR9-0908",2013-06-26,"Polypedilum",10
"Samp9215","OKR9-0908",2013-06-26,"Procladius",2
"Samp9215","OKR9-0908",2013-06-26,"Saetheria",1
"Samp9215","OKR9-0908",2013-06-26,"Stictochironomus",1
"Samp9215","OKR9-0908",2013-06-26,"Tanypus",2
"Samp9215","OKR9-0908",2013-06-26,"Thienemannimyia genus gr.",1
"Samp9215","OKR9-0908",2013-06-26,"Stenelmis",1
"Samp9215","OKR9-0908",2013-06-26,"Ephydridae",1
"Samp9217","OKRM-1002",2013-07-09,"Physidae",1
"Samp9217","OKRM-1002",2013-07-09,"Baetidae",1
"Samp9217","OKRM-1002",2013-07-09,"Cercobrachys",4
"Samp9217","OKRM-1002",2013-07-09,"Chironomus",3
"Samp9217","OKRM-1002",2013-07-09,"Cryptochironomus",2
"Samp9217","OKRM-1002",2013-07-09,"Dicrotendipes",1
"Samp9217","OKRM-1002",2013-07-09,"Lopescladius",29
"Samp9217","OKRM-1002",2013-07-09,"Nanocladius",1
"Samp9217","OKRM-1002",2013-07-09,"Paracladopelma",7
"Samp9217","OKRM-1002",2013-07-09,"Paratendipes",3
"Samp9217","OKRM-1002",2013-07-09,"Polypedilum",1
"Samp9217","OKRM-1002",2013-07-09,"Pseudochironomus",2
"Samp9217","OKRM-1002",2013-07-09,"Saetheria",2
"Samp9217","OKRM-1002",2013-07-09,"Tanypus",1
"Samp9217","OKRM-1002",2013-07-09,"Tanytarsus",16
"Samp9217","OKRM-1002",2013-07-09,"Coenagrionidae",2
"Samp9217","OKRM-1002",2013-07-09,"Gomphidae",2
"Samp9219","OKRM-1021",2014-06-02,"Glossiphoniidae",1
"Samp9219","OKRM-1021",2014-06-02,"Caenis",4
"Samp9219","OKRM-1021",2014-06-02,"Chironomus",16
"Samp9219","OKRM-1021",2014-06-02,"Cryptochironomus",1
"Samp9219","OKRM-1021",2014-06-02,"Dicrotendipes",4
"Samp9219","OKRM-1021",2014-06-02,"Glyptotendipes",5
"Samp9219","OKRM-1021",2014-06-02,"Larsia",6
"Samp9219","OKRM-1021",2014-06-02,"Polypedilum",3
"Samp9219","OKRM-1021",2014-06-02,"Procladius",1
"Samp9219","OKRM-1021",2014-06-02,"Coenagrionidae",4
"Samp9219","OKRM-1021",2014-06-02,"Ephydridae",2
"Samp9219","OKRM-1021",2014-06-02,"Progomphus",3
"Samp9220","OKRM-1026",2014-08-19,"Arrenurus",3
"Samp9220","OKRM-1026",2014-08-19,"Cercobrachys",3
"Samp9220","OKRM-1026",2014-08-19,"Ceratopogoninae",3
"Samp9220","OKRM-1026",2014-08-19,"Chironomidae",1
"Samp9220","OKRM-1026",2014-08-19,"Cryptochironomus",3
"Samp9220","OKRM-1026",2014-08-19,"Polypedilum",1
"Samp9220","OKRM-1026",2014-08-19,"Tanypus",11
"Samp9220","OKRM-1026",2014-08-19,"Gomphidae",2
"Samp9220","OKRM-1026",2014-08-19,"Progomphus",2
"Samp9220","OKRM-1026",2014-08-19,"Homoeoneuria",5
"Samp9221","OKRO-1092",2014-06-30,"Tubificidae",4
"Samp9221","OKRO-1092",2014-06-30,"Hygrobates",1
"Samp9221","OKRO-1092",2014-06-30,"Tyrrellia",1
"Samp9221","OKRO-1092",2014-06-30,"Baetidae",26
"Samp9221","OKRO-1092",2014-06-30,"Labiobaetis",11
"Samp9221","OKRO-1092",2014-06-30,"Paracloeodes",7
"Samp9221","OKRO-1092",2014-06-30,"Caenis",48
"Samp9221","OKRO-1092",2014-06-30,"Sparbarus",1
"Samp9221","OKRO-1092",2014-06-30,"Ceratopogonidae",1
"Samp9221","OKRO-1092",2014-06-30,"Ceratopogoninae",3
"Samp9221","OKRO-1092",2014-06-30,"Ablabesmyia",5
"Samp9221","OKRO-1092",2014-06-30,"Chironomidae",1
"Samp9221","OKRO-1092",2014-06-30,"Cryptochironomus",16
"Samp9221","OKRO-1092",2014-06-30,"Dicrotendipes",11
"Samp9221","OKRO-1092",2014-06-30,"Glyptotendipes",10
"Samp9221","OKRO-1092",2014-06-30,"Lopescladius",1
"Samp9221","OKRO-1092",2014-06-30,"Micropsectra",1
"Samp9221","OKRO-1092",2014-06-30,"Nanocladius",6
"Samp9221","OKRO-1092",2014-06-30,"Paracladopelma",2
"Samp9221","OKRO-1092",2014-06-30,"Paratanytarsus",2
"Samp9221","OKRO-1092",2014-06-30,"Paratendipes",14
"Samp9221","OKRO-1092",2014-06-30,"Polypedilum",14
"Samp9221","OKRO-1092",2014-06-30,"Procladius",1
"Samp9221","OKRO-1092",2014-06-30,"Saetheria",1
"Samp9221","OKRO-1092",2014-06-30,"Tanypus",1
"Samp9221","OKRO-1092",2014-06-30,"Tanytarsus",20
"Samp9221","OKRO-1092",2014-06-30,"Thienemannimyia genus gr.",2
"Samp9221","OKRO-1092",2014-06-30,"Argia",1
"Samp9221","OKRO-1092",2014-06-30,"Coenagrionidae",4
"Samp9221","OKRO-1092",2014-06-30,"Dolichopodidae",1
"Samp9221","OKRO-1092",2014-06-30,"Gomphidae",1
"Samp9221","OKRO-1092",2014-06-30,"Progomphus",1
"Samp9221","OKRO-1092",2014-06-30,"Peltodytes",5
"Samp9221","OKRO-1092",2014-06-30,"Berosus",1
"Samp9221","OKRO-1092",2014-06-30,"Laccobius",52
"Samp9221","OKRO-1092",2014-06-30,"Hydroptila",3
"Samp9221","OKRO-1092",2014-06-30,"Nectopsyche",14
"Samp9221","OKRO-1092",2014-06-30,"Oecetis",1
"Samp9221","OKRO-1092",2014-06-30,"Tricorythodes",1
"Samp9221","OKRO-1092",2014-06-30,"Ranatra",2
"Samp9221","OKRO-1092",2014-06-30,"Erioptera",2
"Samp9222","TXR9-0909",2013-08-29,"Tubificidae",1
"Samp9222","TXR9-0909",2013-08-29,"Hydrobiidae",5
"Samp9222","TXR9-0909",2013-08-29,"Melanoides",3
"Samp9222","TXR9-0909",2013-08-29,"Krendowskia",6
"Samp9222","TXR9-0909",2013-08-29,"Unionicola",1
"Samp9222","TXR9-0909",2013-08-29,"Mysidae",4
"Samp9222","TXR9-0909",2013-08-29,"Caenis",8
"Samp9222","TXR9-0909",2013-08-29,"Ceratopogoninae",2
"Samp9222","TXR9-0909",2013-08-29,"Coelotanypus",7
"Samp9222","TXR9-0909",2013-08-29,"Cryptochironomus",1
"Samp9222","TXR9-0909",2013-08-29,"Dicrotendipes",2
"Samp9222","TXR9-0909",2013-08-29,"Polypedilum",3
"Samp9222","TXR9-0909",2013-08-29,"Stenochironomus",1
"Samp9222","TXR9-0909",2013-08-29,"Tanypus",2
"Samp9222","TXR9-0909",2013-08-29,"Tanytarsus",1
"Samp9222","TXR9-0909",2013-08-29,"Dubiraphia",8
"Samp9222","TXR9-0909",2013-08-29,"Heterelmis",1
"Samp9222","TXR9-0909",2013-08-29,"Stenelmis",4
"Samp9222","TXR9-0909",2013-08-29,"Gomphidae",4
"Samp9222","TXR9-0909",2013-08-29,"Gyrinus",1
"Samp9222","TXR9-0909",2013-08-29,"Nectopsyche",4
"Samp9222","TXR9-0909",2013-08-29,"Oecetis",3
"Samp9237","FW08NM023",2009-05-20,"Enchytraeidae",1
"Samp9237","FW08NM023",2009-05-20,"Tubificidae",6
"Samp9237","FW08NM023",2009-05-20,"Prostoma",1
"Samp9237","FW08NM023",2009-05-20,"Baetidae",1
"Samp9237","FW08NM023",2009-05-20,"Fallceon",1
"Samp9237","FW08NM023",2009-05-20,"Caenidae",4
"Samp9237","FW08NM023",2009-05-20,"Calopterygidae",1
"Samp9237","FW08NM023",2009-05-20,"Hetaerina",1
"Samp9237","FW08NM023",2009-05-20,"Ceratopogonidae",2
"Samp9237","FW08NM023",2009-05-20,"Ceratopogoninae",1
"Samp9237","FW08NM023",2009-05-20,"Ablabesmyia",8
"Samp9237","FW08NM023",2009-05-20,"Chernovskiia",1
"Samp9237","FW08NM023",2009-05-20,"Chironomus",2
"Samp9237","FW08NM023",2009-05-20,"Cladotanytarsus",2
"Samp9237","FW08NM023",2009-05-20,"Cricotopus/orthocladius",12
"Samp9237","FW08NM023",2009-05-20,"Dicrotendipes",20
"Samp9237","FW08NM023",2009-05-20,"Gillotia",3
"Samp9237","FW08NM023",2009-05-20,"Lopescladius",16
"Samp9237","FW08NM023",2009-05-20,"Paracladopelma",1
"Samp9237","FW08NM023",2009-05-20,"Parakiefferiella",1
"Samp9237","FW08NM023",2009-05-20,"Saetheria",1
"Samp9237","FW08NM023",2009-05-20,"Tanytarsus",36
"Samp9237","FW08NM023",2009-05-20,"Thienemannimyia genus gr.",15
"Samp9237","FW08NM023",2009-05-20,"Dytiscidae",1
"Samp9237","FW08NM023",2009-05-20,"Gomphidae",10
"Samp9237","FW08NM023",2009-05-20,"Ophiogomphus",1
"Samp9237","FW08NM023",2009-05-20,"Progomphus",2
"Samp9237","FW08NM023",2009-05-20,"Tricorythodes",7
"Samp9243","FW08OK005",2009-07-28,"Cercobrachys",4
"Samp9243","FW08OK005",2009-07-28,"Chironomidae",1
"Samp9243","FW08OK005",2009-07-28,"Gillotia",10
"Samp9243","FW08OK005",2009-07-28,"Polypedilum",1
"Samp9243","FW08OK005",2009-07-28,"Pseudochironomus",2
"Samp9243","FW08OK005",2009-07-28,"Robackia",2
"Samp9243","FW08OK005",2009-07-28,"Tanypus",26
"Samp9243","FW08OK005",2009-07-28,"Tanytarsus",2
"Samp9243","FW08OK005",2009-07-28,"Progomphus",1
"Samp9243","FW08OK005",2009-07-28,"Homoeoneuria",4
"Samp9244","FW08OK011",2008-07-15,"Caenis",42
"Samp9244","FW08OK011",2008-07-15,"Ablabesmyia",2
"Samp9244","FW08OK011",2008-07-15,"Chironomidae",3
"Samp9244","FW08OK011",2008-07-15,"Chironomus",3
"Samp9244","FW08OK011",2008-07-15,"Dicrotendipes",7
"Samp9244","FW08OK011",2008-07-15,"Saetheria",2
"Samp9244","FW08OK011",2008-07-15,"Argia",1
"Samp9244","FW08OK011",2008-07-15,"Helichus",1
"Samp9244","FW08OK011",2008-07-15,"Dubiraphia",1
"Samp9244","FW08OK011",2008-07-15,"Stenelmis",2
"Samp9244","FW08OK011",2008-07-15,"Gomphidae",1
"Samp9244","FW08OK011",2008-07-15,"Heptageniidae",2
"Samp9244","FW08OK011",2008-07-15,"Hydropsyche",3
"Samp9244","FW08OK011",2008-07-15,"Nectopsyche",18
"Samp9244","FW08OK011",2008-07-15,"Oecetis",3
"Samp9244","FW08OK011",2008-07-15,"Tricorythodes",8
"Samp9246","FW08OK056",2009-06-15,"Argulus",1
"Samp9246","FW08OK056",2009-06-15,"Chironomidae",1
"Samp9246","FW08OK056",2009-06-15,"Cricotopus/orthocladius",1
"Samp9246","FW08OK056",2009-06-15,"Gillotia",2
"Samp9246","FW08OK056",2009-06-15,"Paratendipes",1
"Samp9246","FW08OK056",2009-06-15,"Polypedilum",1
"Samp9246","FW08OK056",2009-06-15,"Tanytarsus",1
"Samp9246","FW08OK056",2009-06-15,"Berosus",1
"Samp9246","FW08OK056",2009-06-15,"Homoeoneuria",2
"Samp9247","FW08TX052",2009-07-09,"Chironomidae",1
"Samp9247","FW08TX052",2009-07-09,"Larsia",1
"Samp9247","FW08TX052",2009-07-09,"Cheumatopsyche",1
"Samp9248","FW08TX065",2009-06-23,"Cercobrachys",1
"Samp9248","FW08TX065",2009-06-23,"Dasyhelea",40
"Samp9248","FW08TX065",2009-06-23,"Chironomidae",1
"Samp9248","FW08TX065",2009-06-23,"Chironomus",11
"Samp9248","FW08TX065",2009-06-23,"Gillotia",3
"Samp9248","FW08TX065",2009-06-23,"Lopescladius",6
"Samp9248","FW08TX065",2009-06-23,"Tanypus",37
"Samp9248","FW08TX065",2009-06-23,"Tanytarsus",1
"Samp9248","FW08TX065",2009-06-23,"Hydroptila",1
