"TAXAID","TAXONGRP","FAMILY","GENUS","COMMONNAME","BCG_ATTR","BCGATTR_ROMAN","BCG_ATTR2","BCG_ATTR2_ROMAN","BCG_NUM","NATIVE","TROPHIC","HABITAT","REPRODUCTION"
"ALOSA CHRYSOCHLORIS","OTHER","CLUPEIDAE","ALOSA","SKIPJACK HERRING",4,"IV","4_BETTER","IVa",4,"NATIVE","TC","W","BROADCASTER; MIGRATORY"
"ALOSA PSEUDOHARENGUS","OTHER","CLUPEIDAE","ALOSA","ALEWIFE",3,"III","3_MIDDLE","III",3,"NATIVE","IV","F;W","BROADCASTER; MIGRATORY"
"AMBLOPLITES ARIOMMUS","PERCIFORMES","CENTRARCHIDAE","AMBLOPLITES","SHADOW BASS",3,"III","3_MIDDLE","III",3,"NATIVE","TC","F;W","COMPLEX NEST; LITHOPHIL"
"AMBLOPLITES CONSTELLATUS","PERCIFORMES","CENTRARCHIDAE","AMBLOPLITES","OZARK BASS",3,"III","3_MIDDLE","III",3,"NATIVE","TC","F;W","COMPLEX NEST; LITHOPHIL"
"AMBLOPLITES RUPESTRIS","PERCIFORMES","CENTRARCHIDAE","AMBLOPLITES","ROCK BASS",3,"III","3_BETTER","IIIa",3,"NATIVE","TC","W","COMPLEX NEST; LITHOPHIL"
"AMEIURUS","OTHER","ICTALURIDAE","AMEIURUS","BULLHEADS",4,"IV","4_WORSE","IVb",4.5,"NATIVE","OM",,
"AMEIURUS MELAS","OTHER","ICTALURIDAE","AMEIURUS","BLACK BULLHEAD",5,"V","5_MIDDLE","V",5,"NATIVE","OM",,"COMPLEX NEST"
"AMEIURUS NATALIS","OTHER","ICTALURIDAE","AMEIURUS","YELLOW BULLHEAD",4,"IV","4_WORSE","IVb",4.5,"NATIVE","OM",,"COMPLEX NEST"
"AMEIURUS NEBULOSUS","OTHER","ICTALURIDAE","AMEIURUS NEBULOSUS","BROWN BULLHEAD",4,"IV","4_WORSE","IVb",4.5,"NATIVE","OM",,"COMPLEX NEST"
"AMIA CALVA","OTHER","AMIIDAE","AMIA","BOWFIN",4,"IV","4_BETTER","IVa",4,"NATIVE","TC","W","COMPLEX NEST"
"AMMOCRYPTA CLARA","PERCIFORMES","PERCIDAE","AMMOCRYPTA","WESTERN SAND DARTER",,,,,,"NATIVE","IV","B;F","BROADCASTER; LITHOPHIL"
"AMMOCRYPTA VIVAX","PERCIFORMES","PERCIDAE","AMMOCRYPTA","SCALY SAND DARTER",3,"III","3_MIDDLE","III",3,"NATIVE","IV","B;F",
"ANGUILLA ROSTRATA","OTHER","ANGUILLIDAE","ANGUILLA","AMERICAN EEL",2,"II","2_MIDDLE","II",2,"NATIVE","TC",,
"APHREDODERUS SAYANUS","OTHER","APHREDODERIDAE","APHREDODERUS","PIRATE PERCH",4,"IV","4_BETTER","IVa",4,"NATIVE","IV","W","COMPLEX NEST; BEARER"
"APLODINOTUS GRUNNIENS","PERCIFORMES","SCIAENIDAE","APLODINOTUS","FRESHWATER DRUM",4,"IV","4_BETTER","IVa",4,"NATIVE","IV","B","BROADCASTER; LITHOPHIL"
"ATRACTOSTEUS SPATULA","OTHER","LEPISOSTEIDAE","ATRACTOSTEUS","ALLIGATOR GAR",4,"IV","4_BETTER","IVa",4,"NATIVE","TC","W","BROADCASTER"
"CAMPOSTOMA","CYPRINIFORMES","CYPRINIDAE","CAMPOSTOMA","STONEROLLERS",4,"IV","4_BETTER","IVa",4,"NATIVE","HB","F","LITHOPHIL"
"CAMPOSTOMA ANOMALUM","CYPRINIFORMES","CYPRINIDAE","CAMPOSTOMA","CENTRAL STONEROLLER",4,"IV","4_BETTER","IVa",4,"NATIVE","HB","F","SIMPLE NEST; MIGRATORY; LITHOPHIL"
"CAMPOSTOMA ANOMALUM X RHINICHTHYS ATRATULUS","CYPRINIFORMES","CYPRINIDAE","CAMPOSTOMA","CENTRAL STONEROLLER X BLACKNOSE DACE",,,,,,"NATIVE","OM","F",
"CAMPOSTOMA OLIGOLEPIS","CYPRINIFORMES","CYPRINIDAE","CAMPOSTOMA","LARGESCALE STONEROLLER",3,"III","3_BETTER","IIIa",3,"NATIVE","HB","F","SIMPLE NEST; MIGRATORY; LITHOPHIL"
"CARASSIUS AURATUS","CYPRINIFORMES","CYPRINIDAE","CARASSIUS","GOLDFISH",4,"IV","4_WORSE","IVb",4.5,"NON_NATIVE","OM",,"BROADCASTER"
"CARPIODES","CYPRINIFORMES","CATOSTOMIDAE","CARPIODES","CARPSUCKER",4,"IV","4_BETTER","IVa",4,"NATIVE","OM",,"LITHOPHIL"
"CARPIODES CARPIO","CYPRINIFORMES","CATOSTOMIDAE","CARPIODES","RIVER CARPSUCKER",4,"IV","4_BETTER","IVa",4,"NATIVE","OM",,"BROADCASTER"
"CARPIODES CYPRINUS","CYPRINIFORMES","CATOSTOMIDAE","CARPIODES","QUILLBACK",4,"IV","4_BETTER","IVa",4,"NATIVE","OM",,"BROADCASTER; MIGRATORY; LITHOPHIL"
"CARPIODES VELIFER","CYPRINIFORMES","CATOSTOMIDAE","CARPIODES","HIGHFIN CARPSUCKER",3,"III","3_WORSE","IIIb",3.5,"NATIVE","OM","F","BROADCASTER; MIGRATORY; LITHOPHIL"
"CATOSTOMIDAE","CYPRINIFORMES","CATOSTOMIDAE","CATOSTOMIDAE","SUCKER",4,"IV","4_WORSE","IVb",4.5,"NATIVE","OM",,"LITHOPHIL"
"CATOSTOMUS CATOSTOMUS","CYPRINIFORMES","CATOSTOMIDAE","CATOSTOMUS","LONGNOSE SUCKER",4,"IV","4_BETTER","IVa",4,"NATIVE","IV","B;F","LITHOPHIL"
"CATOSTOMUS COMMERSONII","CYPRINIFORMES","CATOSTOMIDAE","CATOSTOMUS","WHITE SUCKER",4,"IV","4_WORSE","IVb",4.5,"NATIVE","OM",,"BROADCASTER; MIGRATORY; LITHOPHIL"
"CENTRARCHUS MACROPTERUS","PERCIFORMES","CENTRARCHIDAE","CENTRARCHUS","FLIER",4,"IV","4_BETTER","IVa",4,"NATIVE","IV","F;W","COMPLEX NEST"
"CHROSOMUS","CYPRINIFORMES","CYPRINIDAE","CHROSOMUS","DACE",4,"IV","4_BETTER","IVa",4,"NATIVE","OM",,
"CHROSOMUS EOS","CYPRINIFORMES","CYPRINIDAE","CHROSOMUS","NORTHERN REDBELLY DACE",4,"IV","4_BETTER","IVa",4,"NATIVE","OM",,"BROADCASTER"
"CHROSOMUS ERYTHROGASTER","CYPRINIFORMES","CYPRINIDAE","CHROSOMUS","SOUTHERN REDBELLY DACE",3,"III","3_BETTER","IIIa",3,"NATIVE","HB","F","BROADCASTER; LITHOPHIL"
"CHROSOMUS NEOGAEUS","CYPRINIFORMES","CYPRINIDAE","CHROSOMUS","FINESCALE DACE",2,"II","2_MIDDLE","II",2,"NATIVE","IV","F","BROADCASTER"
"CLINOSTOMUS ELONGATUS","CYPRINIFORMES","CYPRINIDAE","CLINOSTOMUS","REDSIDE DACE",,,,,,"NATIVE","OM","W","SIMPLE NEST"
"COTTUS","OTHER","COTTIDAE","COTTUS","SCULPIN",3,"III","3_MIDDLE","III",3,"NATIVE","IV","B;F",
"COTTUS BAIRDII","OTHER","COTTIDAE","COTTUS","MOTTLED SCULPIN",3,"III","3_MIDDLE","III",3,"NATIVE","IV","B;F","COMPLEX NEST; LITHOPHIL"
"COTTUS CAROLINAE","OTHER","COTTIDAE","COTTUS","BANDED SCULPIN",3,"III","3_MIDDLE","III",3,"NATIVE","IV","B;F","COMPLEX NEST"
"COTTUS COGNATUS","OTHER","COTTIDAE","COTTUS","SLIMY SCULPIN",2,"II","2_MIDDLE","II",2,"NATIVE","IV","B;F","COMPLEX NEST; LITHOPHIL"
"COTTUS HYPSELURUS","OTHER","COTTIDAE","COTTUS","OZARK SCULPIN",3,"III","3_MIDDLE","III",3,"NATIVE","IV","B;F","LITHOPHIL"
"COTTUS IMMACULATUS","OTHER","COTTIDAE","COTTUS","KNOBFIN SCULPIN",3,"III","3_MIDDLE","III",3,"NATIVE","OM","F","LITHOPHIL"
"COTTUS SPECUS","OTHER","COTTIDAE","COTTUS","GROTTO SCULPIN",,,,,,"NATIVE","OM","F","LITHOPHIL"
"CRYSTALLARIA ASPRELLA","PERCIFORMES","PERCIDAE","CRYSTALLARIA","CRYSTAL DARTER",,,,,,,,,
"CTENOPHARYNGODON IDELLA","CYPRINIFORMES","CYPRINIDAE","CTENOPHARYNGODON","GRASS CARP",4,"IV","4_WORSE","IVb",4.5,"NON_NATIVE","HB","W","BROADCASTER; MIGRATORY"
"CULAEA INCONSTANS","OTHER","GASTEROSTEIDAE","CULAEA","BROOK STICKLEBACK",4,"IV","4_BETTER","IVa",4,"NATIVE","IV","W","COMPLEX NEST"
"CYCLEPTUS ELONGATUS","CYPRINIFORMES","CATOSTOMIDAE","CYCLEPTUS","BLUE SUCKER",3,"III","3_BETTER","IIIa",3,"NATIVE","IV","B","BROADCASTER; MIGRATORY; LITHOPHIL"
"CYPRINELLA","CYPRINIFORMES","CYPRINIDAE","CYPRINELLA","SATINFIN SHINERS ",4,"IV","4_BETTER","IVa",4,"NATIVE","OM","W",
"CYPRINELLA CAMURA","CYPRINIFORMES","CYPRINIDAE","CYPRINELLA","BLUNTFACE SHINER",4,"IV","4_BETTER","IVa",4,"NATIVE","IV","F;W","SIMPLE NEST"
"CYPRINELLA GALACTURA","CYPRINIFORMES","CYPRINIDAE","CYPRINELLA","WHITETAIL SHINER",3,"III","3_MIDDLE","III",3,"NATIVE","IV","F;W","SIMPLE NEST"
"CYPRINELLA LUTRENSIS","CYPRINIFORMES","CYPRINIDAE","CYPRINELLA","RED SHINER",4,"IV","4_WORSE","IVb",4.5,"NATIVE","OM","W","SIMPLE NEST"
"CYPRINELLA LUTRENSIS X SPILOPTERA","CYPRINIFORMES","CYPRINIDAE","CYPRINELLA","RED SHINER X SPOTFIN SHINER",,,,,,,,,
"CYPRINELLA SPILOPTERA","CYPRINIFORMES","CYPRINIDAE","CYPRINELLA","SPOTFIN SHINER",4,"IV","4_BETTER","IVa",4,"NATIVE","IV","F;W","SIMPLE NEST; LITHOPHIL"
"CYPRINELLA VENUSTA","CYPRINIFORMES","CYPRINIDAE","CYPRINELLA","BLACKTAIL SHINER",4,"IV","4_BETTER","IVa",4,"NATIVE","IV","F;W","SIMPLE NEST"
"CYPRINELLA WHIPPLEI","CYPRINIFORMES","CYPRINIDAE","CYPRINELLA","STEELCOLOR SHINER",4,"IV","4_BETTER","IVa",4,"NATIVE","IV","F;W","SIMPLE NEST"
"CYPRINIDAE","CYPRINIFORMES","CYPRINIDAE","CYPRINIDAE","CYPRINIDAE",4,"IV","4_WORSE","IVb",4.5,"NATIVE","OM","W",
"CYPRINIDAE HYBRID","CYPRINIFORMES","CYPRINIDAE","CYPRINIDAE","CYPRINIDAE HYBRID",,,,,,,,,
"CYPRINODON RUBROFLUVIATILIS","OTHER","CYPRINODONTIDAE","CYPRINODON","RED RIVER PUPFISH",4,"IV","4_BETTER","IVa",4,"NATIVE","OM",,
"CYPRINUS CARPIO","CYPRINIFORMES","CYPRINIDAE","CYPRINUS","COMMON CARP",5,"V","5_MIDDLE","V",5,"NON_NATIVE","OM",,"BROADCASTER"
"DOROSOMA","OTHER","CLUPEIDAE","DOROSOMA","SHAD",4,"IV","4_WORSE","IVb",4.5,"NATIVE","OM",,"BROADCASTER; MIGRATORY"
"DOROSOMA CEPEDIANUM","OTHER","CLUPEIDAE","DOROSOMA","GIZZARD SHAD",4,"IV","4_WORSE","IVb",4.5,"NATIVE","OM","W","BROADCASTER"
"DOROSOMA PETENENSE","OTHER","CLUPEIDAE","DOROSOMA","THREADFIN SHAD",4,"IV","4_WORSE","IVb",4.5,"NON_NATIVE","OM","W","BROADCASTER"
"ELASSOMA ZONATUM","PERCIFORMES","ELASSOMATIDAE","ELASSOMA","BANDED PYGMY SUNFISH",3,"III","3_MIDDLE","III",3,"NATIVE","IV","W","COMPLEX NEST"
"ERIMYSTAX HARRYI","CYPRINIFORMES","CYPRINIDAE","ERIMYSTAX","OZARK CHUB",3,"III","3_MIDDLE","III",3,"NATIVE","OM","F","LITHOPHIL"
"ERIMYSTAX X-PUNCTATUS","CYPRINIFORMES","CYPRINIDAE","ERIMYSTAX","GRAVEL CHUB",3,"III","3_BETTER","IIIa",3,"NATIVE","IV","B;F","BROADCASTER; LITHOPHIL"
"ERIMYZON CLAVIFORMIS","CYPRINIFORMES","CATOSTOMIDAE","ERIMYZON","WESTERN CREEK CHUBSUCKER",3,"III","3_MIDDLE","III",3,"NATIVE","OM","F;W","LITHOPHIL"
"ERIMYZON OBLONGUS","CYPRINIFORMES","CATOSTOMIDAE","ERIMYZON","CREEK CHUBSUCKER",4,"IV","4_BETTER","IVa",4,"NATIVE","OM","F;W","BROADCASTER; MIGRATORY; LITHOPHIL"
"ERIMYZON SUCETTA","CYPRINIFORMES","CATOSTOMIDAE","ERIMYZON","LAKE CHUBSUCKER",4,"IV","4_BETTER","IVa",4,"NATIVE","OM","W","BROADCASTER"
"ESOX AMERICANUS","OTHER","ESOCIDAE","ESOX","REDFIN OR GRASS PICKEREL",3,"III","3_BETTER","IIIa",3,"NATIVE","TC","W",
"ESOX LUCIUS","OTHER","ESOCIDAE","ESOX","NORTHERN PIKE",4,"IV","4_WORSE","IVb",4.5,"NATIVE","TC","W","BROADCASTER"
"ESOX MASQUINONGY","OTHER","ESOCIDAE","ESOX","MUSKELLUNGE",3,"III","3_WORSE","IIIb",3.5,"NATIVE","TC","W","BROADCASTER"
"ESOX NIGER","OTHER","ESOCIDAE","ESOX","CHAIN PICKEREL",4,"IV","4_BETTER","IVa",4,"NATIVE","TC","W","BROADCASTER"
"ETHEOSTOMA","PERCIFORMES","PERCIDAE","ETHEOSTOMA","DARTER",4,"IV","4_BETTER","IVa",4,"NATIVE","IV","B",
"ETHEOSTOMA ARTESIAE","PERCIFORMES","PERCIDAE","ETHEOSTOMA","REDSPOT DARTER",3,"III","3_MIDDLE","III",3,"NATIVE","IV","B;F","LITHOPHIL"
"ETHEOSTOMA ASPRIGENE","PERCIFORMES","PERCIDAE","ETHEOSTOMA","MUD DARTER",4,"IV","4_BETTER","IVa",4,"NATIVE","IV","B","COMPLEX NEST"
"ETHEOSTOMA AUTUMNALE","PERCIFORMES","PERCIDAE","ETHEOSTOMA","AUTUMN DARTER",,,,,,"NATIVE","OM",,
"ETHEOSTOMA BLENNIOIDES","PERCIFORMES","PERCIDAE","ETHEOSTOMA","GREENSIDE DARTER",3,"III","3_BETTER","IIIa",3,"NATIVE","IV","B;F","SIMPLE NEST"
"ETHEOSTOMA BURRI","PERCIFORMES","PERCIDAE","ETHEOSTOMA","BROOK DARTER",,,,,,"NATIVE","IV","B;F","LITHOPHIL"
"ETHEOSTOMA CAERULEUM","PERCIFORMES","PERCIDAE","ETHEOSTOMA","RAINBOW DARTER",3,"III","3_WORSE","IIIb",3.5,"NATIVE","IV","B;F","SIMPLE NEST; LITHOPHIL"
"ETHEOSTOMA CHLOROSOMA","PERCIFORMES","PERCIDAE","ETHEOSTOMA","BLUNTNOSE DARTER",3,"III","3_BETTER","IIIa",3,"NATIVE","IV","B","COMPLEX NEST"
"ETHEOSTOMA COLLETTEI","PERCIFORMES","PERCIDAE","ETHEOSTOMA","CREOLE DARTER",,,,,,"NATIVE","IV","B;F","LITHOPHIL"
"ETHEOSTOMA CRAGINI","PERCIFORMES","PERCIDAE","ETHEOSTOMA","ARKANSAS DARTER",3,"III","3_WORSE","IIIb",3.5,"NATIVE","IV","B",
"ETHEOSTOMA ERYTHROZONUM","PERCIFORMES","PERCIDAE","ETHEOSTOMA","MERAMEC SADDLED DARTER",,,,,,"NATIVE","OM","F","LITHOPHIL"
"ETHEOSTOMA EUZONUM","PERCIFORMES","PERCIDAE","ETHEOSTOMA","ARKANSAS SADDLED DARTER",,,,,,"NATIVE","IV","B;F","LITHOPHIL"
"ETHEOSTOMA EXILE","PERCIFORMES","PERCIDAE","ETHEOSTOMA","IOWA DARTER",4,"IV","4_BETTER","IVa",4,"NATIVE","IV","B","COMPLEX NEST; MIGRATORY"
"ETHEOSTOMA FLABELLARE","PERCIFORMES","PERCIDAE","ETHEOSTOMA","FANTAIL DARTER",4,"IV","4_BETTER","IVa",4,"NATIVE","IV","B;F","COMPLEX NEST"
"ETHEOSTOMA FLABELLARE FLABELLARE","PERCIFORMES","PERCIDAE","ETHEOSTOMA","BARRED FANTAIL DARTER",4,"IV","4_BETTER","IVa",4,"NATIVE","IV","B;F","LITHOPHIL"
"ETHEOSTOMA FLABELLARE LINEOLATUM","PERCIFORMES","PERCIDAE","ETHEOSTOMA","STRIPED FANTAIL DARTER",3,"III","3_MIDDLE","III",3,"NATIVE","IV","B;F",
"ETHEOSTOMA FUSIFORME","PERCIFORMES","PERCIDAE","ETHEOSTOMA","SWAMP DARTER",,,,,,,,,
"ETHEOSTOMA GRACILE","PERCIFORMES","PERCIDAE","ETHEOSTOMA","SLOUGH DARTER",4,"IV","4_BETTER","IVa",4,"NATIVE","IV","B","COMPLEX NEST"
"ETHEOSTOMA HISTRIO","PERCIFORMES","PERCIDAE","ETHEOSTOMA","HARLEQUIN DARTER",3,"III","3_MIDDLE","III",3,"NATIVE","IV","B;F","COMPLEX NEST"
"ETHEOSTOMA MICROPERCA","PERCIFORMES","PERCIDAE","ETHEOSTOMA","LEAST DARTER",3,"III","3_BETTER","IIIa",3,"NATIVE","IV","B","COMPLEX NEST; MIGRATORY"
"ETHEOSTOMA MIHILEZE","PERCIFORMES","PERCIDAE","ETHEOSTOMA","SUNBURST DARTER",3,"III","3_WORSE","IIIb",3.5,"NATIVE","IV","B",
"ETHEOSTOMA NIANGUAE","PERCIFORMES","PERCIDAE","ETHEOSTOMA","NIANGUA DARTER",,,,,,,,,
"ETHEOSTOMA NIGRUM","PERCIFORMES","PERCIDAE","ETHEOSTOMA","JOHNNY DARTER",4,"IV","4_BETTER","IVa",4,"NATIVE","IV","B","COMPLEX NEST"
"ETHEOSTOMA PARVIPINNE","PERCIFORMES","PERCIDAE","ETHEOSTOMA","GOLDSTRIPE DARTER",3,"III","3_MIDDLE","III",3,"NATIVE","IV","B;F",
"ETHEOSTOMA PROELIARE","PERCIFORMES","PERCIDAE","ETHEOSTOMA","CYPRESS DARTER",,,,,,"NATIVE","IV","B","SIMPLE NEST"
"ETHEOSTOMA PUNCTULATUM","PERCIFORMES","PERCIDAE","ETHEOSTOMA","STIPPLED DARTER",3,"III","3_MIDDLE","III",3,"NATIVE","IV","B",
"ETHEOSTOMA RADIOSUM","PERCIFORMES","PERCIDAE","ETHEOSTOMA","ORANGEBELLY DARTER",3,"III","3_WORSE","IIIb",3.5,"NATIVE","IV","B;F","LITHOPHIL"
"ETHEOSTOMA SPECTABILE","PERCIFORMES","PERCIDAE","ETHEOSTOMA","ORANGETHROAT DARTER",4,"IV","4_BETTER","IVa",4,"NATIVE","IV","B;F","SIMPLE NEST; LITHOPHIL"
"ETHEOSTOMA STIGMAEUM","PERCIFORMES","PERCIDAE","ETHEOSTOMA","SPECKLED DARTER",3,"III","3_MIDDLE","III",3,"NATIVE","IV","B","SIMPLE NEST; LITHOPHIL"
"ETHEOSTOMA TEDDYROOSEVELT","PERCIFORMES","PERCIDAE","ETHEOSTOMA","HIGHLAND DARTER",,,,,,"NATIVE","OM","F","LITHOPHIL"
"ETHEOSTOMA TETRAZONUM","PERCIFORMES","PERCIDAE","ETHEOSTOMA","MISSOURI SADDLED DARTER",4,"IV","4_BETTER","IVa",4,"NATIVE","IV","B;F","LITHOPHIL"
"ETHEOSTOMA UNIPORUM","PERCIFORMES","PERCIDAE","ETHEOSTOMA","CURRENT DARTER",,,,,,"NATIVE","IV","B;F","LITHOPHIL"
"ETHEOSTOMA WHIPPLEI","PERCIFORMES","PERCIDAE","ETHEOSTOMA","REDFIN DARTER",3,"III","3_BETTER","IIIa",3,"NATIVE","IV","B;F","LITHOPHIL"
"ETHEOSTOMA ZONALE","PERCIFORMES","PERCIDAE","ETHEOSTOMA","BANDED DARTER",3,"III","3_BETTER","IIIa",3,"NATIVE","IV","B;F","BROADCASTER"
"FUNDULUS","OTHER","FUNDULIDAE","FUNDULUS","TOPMINNOWS",4,"IV","4_BETTER","IVa",4,"NATIVE","IV","W",
"FUNDULUS CATENATUS","OTHER","FUNDULIDAE","FUNDULUS","NORTHERN STUDFISH",3,"III","3_BETTER","IIIa",3,"NATIVE","IV","W","BROADCASTER; LITHOPHIL"
"FUNDULUS CHRYSOTUS","OTHER","FUNDULIDAE","FUNDULUS","GOLDEN TOPMINNOW",4,"IV","4_BETTER","IVa",4,"NATIVE","IV","W","BROADCASTER"
"FUNDULUS DISPAR","OTHER","FUNDULIDAE","FUNDULUS","STARHEAD TOPMINNOW",,,,,,"NATIVE","IV","W",
"FUNDULUS KANSAE","OTHER","FUNDULIDAE","FUNDULUS","NORTHERN PLAINS KILLIFISH",3,"III","3_WORSE","IIIb",3.5,"NATIVE","IV","W",
"FUNDULUS NOTATUS","OTHER","FUNDULIDAE","FUNDULUS","BLACKSTRIPE TOPMINNOW",4,"IV","4_BETTER","IVa",4,"NATIVE","IV","W","BROADCASTER"
"FUNDULUS OLIVACEUS","OTHER","FUNDULIDAE","FUNDULUS","BLACKSPOTTED TOPMINNOW",4,"IV","4_BETTER","IVa",4,"NATIVE","IV","F;W","BROADCASTER"
"FUNDULUS SCIADICUS","OTHER","FUNDULIDAE","FUNDULUS","PLAINS TOPMINNOW",3,"III","3_BETTER","IIIa",3,"NATIVE","IV","W",
"FUNDULUS ZEBRINUS","OTHER","FUNDULIDAE","FUNDULUS","PLAINS KILLIFISH",3,"III","3_WORSE","IIIb",3.5,"NATIVE","IV","W","LITHOPHIL"
"GAMBUSIA AFFINIS","OTHER","POECILIIDAE","GAMBUSIA","WESTERN MOSQUITOFISH",5,"V","5_MIDDLE","V",5,"NON_NATIVE","IV","W","BEARER"
"HIODON ALOSOIDES","OTHER","HIODONTIDAE","HIODON","GOLDEYE",4,"IV","4_BETTER","IVa",4,"NATIVE","TC","W","BROADCASTER"
"HIODON TERGISUS","OTHER","HIODONTIDAE","HIODON","MOONEYE",4,"IV","4_BETTER","IVa",4,"NATIVE","TC","W","BROADCASTER"
"HYBOGNATHUS","CYPRINIFORMES","CYPRINIDAE","HYBOGNATHUS","SILVERY MINNOW",3,"III","3_BETTER","IIIa",3,"NATIVE","OM","F",
"HYBOGNATHUS ARGYRITIS","CYPRINIFORMES","CYPRINIDAE","HYBOGNATHUS","WESTERN SILVERY MINNOW",2,"II","2_MIDDLE","II",2,"NATIVE","OM","F",
"HYBOGNATHUS HANKINSONI","CYPRINIFORMES","CYPRINIDAE","HYBOGNATHUS","BRASSY MINNOW",4,"IV","4_BETTER","IVa",4,"NATIVE","HB","F","BROADCASTER"
"HYBOGNATHUS HAYI","CYPRINIFORMES","CYPRINIDAE","HYBOGNATHUS","CYPRESS MINNOW",3,"III","3_MIDDLE","III",3,"NATIVE","HB","F","BROADCASTER"
"HYBOGNATHUS NUCHALIS","CYPRINIFORMES","CYPRINIDAE","HYBOGNATHUS","MISSISSIPPI SILVERY MINNOW",2,"II","2_MIDDLE","II",2,"NATIVE","HB","F","BROADCASTER"
"HYBOGNATHUS PLACITUS","CYPRINIFORMES","CYPRINIDAE","HYBOGNATHUS","PLAINS MINNOW",2,"II","2_MIDDLE","II",2,"NATIVE","HB","F",
"HYBOPSIS AMBLOPS","CYPRINIFORMES","CYPRINIDAE","HYBOPSIS","BIGEYE CHUB",3,"III","3_MIDDLE","III",3,"NATIVE","IV","F;W","BROADCASTER; LITHOPHIL"
"HYBOPSIS AMNIS","CYPRINIFORMES","CYPRINIDAE","HYBOPSIS","PALLID SHINER",3,"III","3_MIDDLE","III",3,"NATIVE","IV","F;W","BROADCASTER; LITHOPHIL"
"HYBOPSIS DORSALIS","CYPRINIFORMES","CYPRINIDAE","HYBOPSIS","BIGMOUTH SHINER",4,"IV","4_BETTER","IVa",4,"NATIVE","IV","F","BROADCASTER"
"HYPENTELIUM NIGRICANS","CYPRINIFORMES","CATOSTOMIDAE","HYPENTELIUM","NORTHERN HOG SUCKER",3,"III","3_BETTER","IIIa",3,"NATIVE","IV","B;F","BROADCASTER; LITHOPHIL"
"HYPOPHTHALMICHTHYS MOLITRIX","CYPRINIFORMES","CYPRINIDAE","HYPOPHTHALMICHTHYS","SILVER CARP",4,"IV","4_WORSE","IVb",4.5,"NON_NATIVE","OM","W","BROADCASTER"
"HYPOPHTHALMICHTHYS NOBILIS","CYPRINIFORMES","CYPRINIDAE","HYPOPHTHALMICHTHYS NOBILIS","BIGHEAD CARP",4,"IV","4_WORSE","IVb",4.5,"NON_NATIVE","OM","W","BROADCASTER"
"HYPOPHTHALMICHTHYS NOBILIS X MOLITRIX","CYPRINIFORMES","CYPRINIDAE","HYPOPHTHALMICHTHYS NOBILIS","BIGHEAD CARP X SILVER CARP",,,,,,"NON_NATIVE","OM","W",
"ICHTHYOMYZON","OTHER","PETROMYZONTIDAE","ICHTHYOMYZON","LAMPREY ICHTHYOMYZON",3,"III","3_MIDDLE","III",3,"NATIVE","TC",,
"ICHTHYOMYZON CASTANEUS","OTHER","PETROMYZONTIDAE","ICHTHYOMYZON","CHESTNUT LAMPREY",3,"III","3_BETTER","IIIa",3,"NATIVE","TC",,"SIMPLE NEST; LITHOPHIL"
"ICHTHYOMYZON FOSSOR","OTHER","PETROMYZONTIDAE","ICHTHYOMYZON","NORTHERN BROOK LAMPREY",2,"II","2_MIDDLE","II",2,"NATIVE","OM","F","SIMPLE NEST; LITHOPHIL"
"ICHTHYOMYZON GAGEI","OTHER","PETROMYZONTIDAE","ICHTHYOMYZON","SOUTHERN BROOK LAMPREY",3,"III","3_MIDDLE","III",3,"NATIVE","OM","F","SIMPLE NEST; LITHOPHIL"
"ICHTHYOMYZON UNICUSPIS","OTHER","PETROMYZONTIDAE","ICHTHYOMYZON","SILVER LAMPREY",3,"III","3_BETTER","IIIa",3,"NATIVE","TC","F","SIMPLE NEST; MIGRATORY; LITHOPHIL"
"ICTALURUS FURCATUS","OTHER","ICTALURIDAE","ICTALURUS","BLUE CATFISH",3,"III","3_WORSE","IIIb",3.5,"NON_NATIVE","TC",,"COMPLEX NEST"
"ICTALURUS PUNCTATUS","OTHER","ICTALURIDAE","ICTALURUS","CHANNEL CATFISH",4,"IV","4_WORSE","IVb",4.5,"NATIVE","TC",,"COMPLEX NEST"
"ICTIOBUS","CYPRINIFORMES","CATOSTOMIDAE","ICTIOBUS","BUFFALO",4,"IV","4_BETTER","IVa",4,"NATIVE","OM",,
"ICTIOBUS BUBALUS","CYPRINIFORMES","CATOSTOMIDAE","ICTIOBUS","SMALLMOUTH BUFFALO",4,"IV","4_BETTER","IVa",4,"NATIVE","OM",,"BROADCASTER"
"ICTIOBUS BUBALUS X NIGER","CYPRINIFORMES","CATOSTOMIDAE","ICTIOBUS","SMALLMOUTH X BLACK BUFFALO",,,,,,,,,
"ICTIOBUS CYPRINELLUS","CYPRINIFORMES","CATOSTOMIDAE","ICTIOBUS","BIGMOUTH BUFFALO",4,"IV","4_BETTER","IVa",4,"NATIVE","OM",,"BROADCASTER"
"ICTIOBUS NIGER","CYPRINIFORMES","CATOSTOMIDAE","ICTIOBUS","BLACK BUFFALO",4,"IV","4_BETTER","IVa",4,"NATIVE","OM",,"BROADCASTER"
"LABIDESTHES SICCULUS","OTHER","ATHERINIDAE","LABIDESTHES","BROOK SILVERSIDE",4,"IV","4_BETTER","IVa",4,"NATIVE","IV","W","BROADCASTER"
"LAMPETRA","OTHER","PETROMYZONTIDAE","LAMPETRA","LAMPREY LAMPETRA",4,"IV","4_BETTER","IVa",4,"NATIVE","OM","F",
"LAMPETRA AEPYPTERA","OTHER","PETROMYZONTIDAE","LAMPETRA","LEAST BROOK LAMPREY",3,"III","3_MIDDLE","III",3,"NATIVE","OM","F","SIMPLE NEST; LITHOPHIL"
"LEPISOSTEIDAE","OTHER","LEPISOSTEIDAE","LEPISOSTEIDAE","GAR",4,"IV","4_BETTER","IVa",4,"NATIVE","TC",,
"LEPISOSTEUS OCULATUS","OTHER","LEPISOSTEIDAE","LEPISOSTEUS","SPOTTED GAR",3,"III","3_WORSE","IIIb",3.5,"NATIVE","TC","W","BROADCASTER"
"LEPISOSTEUS OSSEUS","OTHER","LEPISOSTEIDAE","LEPISOSTEUS","LONGNOSE GAR",4,"IV","4_BETTER","IVa",4,"NATIVE","TC","W","BROADCASTER"
"LEPISOSTEUS PLATOSTOMUS","OTHER","LEPISOSTEIDAE","LEPISOSTEUS","SHORTNOSE GAR",4,"IV","4_BETTER","IVa",4,"NATIVE","TC","W","BROADCASTER"
"LEPOMIS CYANELLUS","PERCIFORMES","CENTRARCHIDAE","LEPOMIS","GREEN SUNFISH",5,"V","5_MIDDLE","V",5,"NATIVE","TC","W","COMPLEX NEST"
"LEPOMIS CYANELLUS HYBRID","PERCIFORMES","CENTRARCHIDAE","LEPOMIS","GREEN SUNFISH HYBRID",,,,,,"NATIVE","TC","W",
"LEPOMIS CYANELLUS X GULOSUS","PERCIFORMES","CENTRARCHIDAE","LEPOMIS","GREEN SUNFISH X WARMOUTH",,,,,,"NATIVE","OM",,
"LEPOMIS CYANELLUS X HUMILIS","PERCIFORMES","CENTRARCHIDAE","LEPOMIS","GREEN SUNFISH X ORANGESPOTTED SUNFISH",,,,,,"NATIVE","IV","W",
"LEPOMIS CYANELLUS X MEGALOTIS","PERCIFORMES","CENTRARCHIDAE","LEPOMIS","GREEN SUNFISH X LONGEAR SUNFISH",,,,,,"NATIVE","TC","W",
"LEPOMIS CYANELLUS X MICROLOPHUS","PERCIFORMES","CENTRARCHIDAE","LEPOMIS","GREEN SUNFISH X REDEAR SUNFISH",,,,,,"NATIVE","TC","W",
"LEPOMIS GIBBOSUS","PERCIFORMES","CENTRARCHIDAE","LEPOMIS","PUMPKINSEED",4,"IV","4_BETTER","IVa",4,"NATIVE","IV","W","COMPLEX NEST; LITHOPHIL"
"LEPOMIS GULOSUS","PERCIFORMES","CENTRARCHIDAE","LEPOMIS","WARMOUTH",4,"IV","4_BETTER","IVa",4,"NATIVE","TC","W","COMPLEX NEST"
"LEPOMIS HUMILIS","PERCIFORMES","CENTRARCHIDAE","LEPOMIS","ORANGESPOTTED SUNFISH",4,"IV","4_BETTER","IVa",4,"NATIVE","IV","W","COMPLEX NEST; LITHOPHIL"
"LEPOMIS HUMILIS X MEGALOTIS","PERCIFORMES","CENTRARCHIDAE","LEPOMIS","ORANGESPOTTED SUNFISH X LONGEAR SUNFISH",,,,,,"NATIVE","OM",,
"LEPOMIS HYBRID","PERCIFORMES","CENTRARCHIDAE","LEPOMIS","SUNFISH HYBRID",4,"IV","4_WORSE","IVb",4.5,"NATIVE","TC","W",
"LEPOMIS MACROCHIRUS","PERCIFORMES","CENTRARCHIDAE","LEPOMIS","BLUEGILL",4,"IV","4_WORSE","IVb",4.5,"NATIVE","OM",,"COMPLEX NEST"
"LEPOMIS MACROCHIRUS HYBRID","PERCIFORMES","CENTRARCHIDAE","LEPOMIS","BLUEGILL HYBRID",,,,,,"NATIVE","TC","W",
"LEPOMIS MACROCHIRUS X CYANELLUS","PERCIFORMES","CENTRARCHIDAE","LEPOMIS","BLUEGILL X GREEN SUNFISH",4,"IV","4_WORSE","IVb",4.5,"NATIVE","TC","W",
"LEPOMIS MACROCHIRUS X GIBBOSUS","PERCIFORMES","CENTRARCHIDAE","LEPOMIS","BLUEGILL X PUMPKINSEED",,,,,,"NATIVE","OM","W",
"LEPOMIS MACROCHIRUS X GULOSUS","PERCIFORMES","CENTRARCHIDAE","LEPOMIS","BLUEGILL X WARMOUTH",,,,,,"NATIVE","OM",,
"LEPOMIS MACROCHIRUS X HUMILIS","PERCIFORMES","CENTRARCHIDAE","LEPOMIS","BLUEGILL X ORANGESPOTTED SUNFISH",,,,,,"NATIVE","OM",,
"LEPOMIS MACROCHIRUS X MEGALOTIS","PERCIFORMES","CENTRARCHIDAE","LEPOMIS","BLUEGILL X LONGEAR SUNFISH",4,"IV","4_WORSE","IVb",4.5,"NATIVE","OM","W",
"LEPOMIS MACROCHIRUS X MICROLOPHUS","PERCIFORMES","CENTRARCHIDAE","LEPOMIS","BLUEGILL X REDEAR SUNFISH",,,,,,"NATIVE","OM","W",
"LEPOMIS MARGINATUS","PERCIFORMES","CENTRARCHIDAE","LEPOMIS","DOLLAR SUNFISH",4,"IV","4_BETTER","IVa",4,"NATIVE","IV","F;W","COMPLEX NEST"
"LEPOMIS MEGALOTIS","PERCIFORMES","CENTRARCHIDAE","LEPOMIS","LONGEAR SUNFISH",3,"III","3_WORSE","IIIb",3.5,"NATIVE","IV","W","COMPLEX NEST"
"LEPOMIS MEGALOTIS HYBRID","PERCIFORMES","CENTRARCHIDAE","LEPOMIS","LONGEAR SUNFISH HYBRID",,,,,,"NATIVE","OM",,
"LEPOMIS MICROLOPHUS","PERCIFORMES","CENTRARCHIDAE","LEPOMIS","REDEAR SUNFISH",3,"III","3_WORSE","IIIb",3.5,"NON_NATIVE","IV","W","COMPLEX NEST"
"LEPOMIS MINIATUS","PERCIFORMES","CENTRARCHIDAE","LEPOMIS","REDSPOTTED SUNFISH",4,"IV","4_BETTER","IVa",4,"NATIVE","IV","F;W","LITHOPHIL"
"LEPOMIS PUNCTATUS","PERCIFORMES","CENTRARCHIDAE","LEPOMIS","SPOTTED SUNFISH",4,"IV","4_BETTER","IVa",4,"NATIVE","IV","W","COMPLEX NEST"
"LEPOMIS SYMMETRICUS","PERCIFORMES","CENTRARCHIDAE","LEPOMIS","BANTAM SUNFISH",3,"III","3_MIDDLE","III",3,"NATIVE","IV","W",
"LETHENTERON APPENDIX","OTHER","PETROMYZONTIDAE","LETHENTERON","AMERICAN BROOK LAMPREY",3,"III","3_BETTER","IIIa",3,"NATIVE","OM","F","LITHOPHIL"
"LOTA LOTA","OTHER","GADIDAE","LOTA","BURBOT",3,"III","3_MIDDLE","III",3,"NATIVE","TC",,"BROADCASTER; LITHOPHIL"
"LUXILUS CARDINALIS","CYPRINIFORMES","CYPRINIDAE","LUXILUS","CARDINAL SHINER",3,"III","3_WORSE","IIIb",3.5,"NATIVE","IV","F;W",
"LUXILUS CHRYSOCEPHALUS","CYPRINIFORMES","CYPRINIDAE","LUXILUS","STRIPED SHINER",3,"III","3_BETTER","IIIa",3,"NATIVE","OM","F;W","SIMPLE NEST; LITHOPHIL"
"LUXILUS CHRYSOCEPHALUS X NOTROPIS PERCOBROMUS","CYPRINIFORMES","CYPRINIDAE","LUXILUS","STRIPED SHINER X CARMINE SHINER",,,,,,"NATIVE","OM","F",
"LUXILUS CHRYSOCEPHALUS X ZONATUS","CYPRINIFORMES","CYPRINIDAE","LUXILUS","STRIPED SHINER X  BLEEDING SHINER",,,,,,"NATIVE","OM","F",
"LUXILUS CORNUTUS","CYPRINIFORMES","CYPRINIDAE","LUXILUS","COMMON SHINER",4,"IV","4_BETTER","IVa",4,"NATIVE","OM","F;W","SIMPLE NEST; LITHOPHIL"
"LUXILUS CORNUTUS X CHROSOMUS ERYTHROGASTER","CYPRINIFORMES","CYPRINIDAE","LUXILUS","COMMON SHINER X SOUTHERN REDBELLY DACE",,,,,,,,,
"LUXILUS CORNUTUS X NOTROPIS PERCOBROMUS","CYPRINIFORMES","CYPRINIDAE","LUXILUS","COMMON SHINER X CARMINE SHINER",,,,,,"NATIVE","OM","F",
"LUXILUS CORNUTUS X SEMOTILUS ATROMACULATUS","CYPRINIFORMES","CYPRINIDAE","LUXILUS","COMMON SHINER X CREEK CHUB",,,,,,"NATIVE","OM","F",
"LUXILUS PILSBRYI","CYPRINIFORMES","CYPRINIDAE","LUXILUS","DUSKYSTRIPE SHINER",3,"III","3_MIDDLE","III",3,"NATIVE","IV","F;W",
"LUXILUS ZONATUS","CYPRINIFORMES","CYPRINIDAE","LUXILUS","BLEEDING SHINER",3,"III","3_MIDDLE","III",3,"NATIVE","IV","F;W",
"LUXILUS ZONATUS X NOTROPIS NUBILUS","CYPRINIFORMES","CYPRINIDAE","LUXILUS ZONATUS","BLEEDING SHINER X OZARK MINNOW",,,,,,"NATIVE","OM","F",
"LYTHRURUS FUMEUS","CYPRINIFORMES","CYPRINIDAE","LYTHRURUS","RIBBON SHINER",4,"IV","4_BETTER","IVa",4,"NATIVE","IV","W",
"LYTHRURUS SNELSONI","CYPRINIFORMES","CYPRINIDAE","LYTHRURUS","OUACHITA MOUNTAIN SHINER",3,"III","3_MIDDLE","III",3,"NATIVE","OM",,
"LYTHRURUS UMBRATILIS","CYPRINIFORMES","CYPRINIDAE","LYTHRURUS","REDFIN SHINER",3,"III","3_BETTER","IIIa",3,"NATIVE","IV","F;W","SIMPLE NEST"
"MACRHYBOPSIS AESTIVALIS","CYPRINIFORMES","CYPRINIDAE","MACRHYBOPSIS","SPECKLED CHUB",3,"III","3_BETTER","IIIa",3,"NATIVE","IV","B;F","BROADCASTER"
"MACRHYBOPSIS AUSTRALIS","CYPRINIFORMES","CYPRINIDAE","MACRHYBOPSIS","PRAIRIE CHUB",3,"III","3_BETTER","IIIa",3,"NATIVE","IV","B;F",
"MACRHYBOPSIS HYOSTOMA","CYPRINIFORMES","CYPRINIDAE","MACRHYBOPSIS","SHOAL CHUB",3,"III","3_BETTER","IIIa",3,"NATIVE","IV","B;F",
"MACRHYBOPSIS MEEKI","CYPRINIFORMES","CYPRINIDAE","MACRHYBOPSIS","SICKLEFIN CHUB",2,"II","2_MIDDLE","II",2,"NATIVE","IV","B;F",
"MACRHYBOPSIS STORERIANA","CYPRINIFORMES","CYPRINIDAE","MACRHYBOPSIS","SILVER CHUB",4,"IV","4_BETTER","IVa",4,"NATIVE","IV","B;F","BROADCASTER"
"MACRHYBOPSIS TETRANEMA","CYPRINIFORMES","CYPRINIDAE","MACRHYBOPSIS","PEPPERED CHUB",,,,,,"NATIVE","OM","F",
"MARGARISCUS MARGARITA","CYPRINIFORMES","CYPRINIDAE","MARGARISCUS","PEARL DACE",4,"IV","4_BETTER","IVa",4,"NATIVE","OM","W","BROADCASTER; LITHOPHIL"
"MARGARISCUS NACHTRIEBI","CYPRINIFORMES","CYPRINIDAE","MARGARISCUS","NORTHERN PEARL DACE",3,"III","3_MIDDLE","III",3,"NATIVE","OM","W","LITHOPHIL"
"MARGARISCUS NACHTRIEBI HYBRID","CYPRINIFORMES","CYPRINIDAE","MARGARISCUS","NORTHERN PEARL DACE HYBRID",3,"III","3_BETTER","IIIa",3,"NATIVE","OM","W",
"MENIDIA AUDENS","OTHER","ATHERINIDAE","MENIDIA","MISSISSIPPI SILVERSIDE",3,"III","3_WORSE","IIIb",3.5,"NATIVE","IV","W",
"MENIDIA BERYLLINA","OTHER","ATHERINIDAE","MENIDIA","INLAND SILVERSIDE",4,"IV","4_WORSE","IVb",4.5,"NON_NATIVE","IV","W","BROADCASTER"
"MICROPTERUS","PERCIFORMES","CENTRARCHIDAE","MICROPTERUS","BLACK BASS",4,"IV","4_WORSE","IVb",4.5,"NATIVE","OM",,
"MICROPTERUS DOLOMIEU","PERCIFORMES","CENTRARCHIDAE","MICROPTERUS","SMALLMOUTH BASS",3,"III","3_BETTER","IIIa",3,"NATIVE","TC","W","COMPLEX NEST; LITHOPHIL"
"MICROPTERUS DOLOMIEU X PUNCTULATUS","PERCIFORMES","CENTRARCHIDAE","MICROPTERUS","SMALLMOUTH BASS X SPOTTED BASS",3,"III","3_MIDDLE","III",3,"NATIVE","OM",,
"MICROPTERUS HYBRID","PERCIFORMES","CENTRARCHIDAE","MICROPTERUS","BASS HYBRID",,,,,,"NATIVE","TC",,
"MICROPTERUS PUNCTULATUS","PERCIFORMES","CENTRARCHIDAE","MICROPTERUS","SPOTTED BASS",3,"III","3_WORSE","IIIb",3.5,"NATIVE","TC","W","COMPLEX NEST; LITHOPHIL"
"MICROPTERUS PUNCTULATUS X SALMOIDES","PERCIFORMES","CENTRARCHIDAE","MICROPTERUS","SPOTTED BASS X LARGEMOUTH BASS",4,"IV","4_WORSE","IVb",4.5,"NATIVE","OM",,
"MICROPTERUS SALMOIDES","PERCIFORMES","CENTRARCHIDAE","MICROPTERUS","LARGEMOUTH BASS",4,"IV","4_WORSE","IVb",4.5,"NATIVE","TC","W","COMPLEX NEST"
"MINYTREMA MELANOPS","CYPRINIFORMES","CATOSTOMIDAE","MINYTREMA","SPOTTED SUCKER",3,"III","3_WORSE","IIIb",3.5,"NATIVE","IV","B","BROADCASTER; LITHOPHIL"
"MORONE","PERCIFORMES","MORONIDAE","MORONE","BASS",4,"IV","4_WORSE","IVb",4.5,"NATIVE","OM",,
"MORONE AMERICANA","PERCIFORMES","MORONIDAE","MORONE","WHITE PERCH",4,"IV","4_WORSE","IVb",4.5,"NON_NATIVE","TC","W","BROADCASTER; MIGRATORY"
"MORONE CHRYSOPS","PERCIFORMES","MORONIDAE","MORONE","WHITE BASS",4,"IV","4_BETTER","IVa",4,"NATIVE","TC","W","BROADCASTER; MIGRATORY"
"MORONE MISSISSIPPIENSIS","PERCIFORMES","MORONIDAE","MORONE","YELLOW BASS",4,"IV","4_BETTER","IVa",4,"NATIVE","TC","W","BROADCASTER; MIGRATORY"
"MORONE SAXATILIS","PERCIFORMES","MORONIDAE","MORONE","STRIPED BASS",3,"III","3_BETTER","IIIa",3,"NON_NATIVE","TC","W","BROADCASTER; MIGRATORY"
"MORONE SAXATILIS X CHRYSOPS","PERCIFORMES","MORONIDAE","MORONE","WIPER",3,"III","3_WORSE","IIIb",3.5,"NON_NATIVE","TC","W",
"MOXOSTOMA","CYPRINIFORMES","CATOSTOMIDAE","MOXOSTOMA","REDHORSE",4,"IV","4_BETTER","IVa",4,"NATIVE","IV","B;F","LITHOPHIL"
"MOXOSTOMA ANISURUM","CYPRINIFORMES","CATOSTOMIDAE","MOXOSTOMA","SILVER REDHORSE",4,"IV","4_BETTER","IVa",4,"NATIVE","IV","B;F","BROADCASTER; MIGRATORY; LITHOPHIL"
"MOXOSTOMA CARINATUM","CYPRINIFORMES","CATOSTOMIDAE","MOXOSTOMA","RIVER REDHORSE",3,"III","3_BETTER","IIIa",3,"NATIVE","IV","B;F","SIMPLE NEST; LITHOPHIL"
"MOXOSTOMA DUQUESNII","CYPRINIFORMES","CATOSTOMIDAE","MOXOSTOMA","BLACK REDHORSE",3,"III","3_BETTER","IIIa",3,"NATIVE","IV","B;F","BROADCASTER; MIGRATORY; LITHOPHIL"
"MOXOSTOMA ERYTHRURUM","CYPRINIFORMES","CATOSTOMIDAE","MOXOSTOMA","GOLDEN REDHORSE",4,"IV","4_BETTER","IVa",4,"NATIVE","IV","B;F","BROADCASTER; MIGRATORY; LITHOPHIL"
"MOXOSTOMA MACROLEPIDOTUM","CYPRINIFORMES","CATOSTOMIDAE","MOXOSTOMA","SHORTHEAD REDHORSE",4,"IV","4_BETTER","IVa",4,"NATIVE","IV","B;F","BROADCASTER; MIGRATORY; LITHOPHIL"
"MOXOSTOMA PISOLABRUM","CYPRINIFORMES","CATOSTOMIDAE","MOXOSTOMA","PEALIP REDHORSE",4,"IV","4_BETTER","IVa",4,"NATIVE","OM","F","LITHOPHIL"
"MOXOSTOMA VALENCIENNESI","CYPRINIFORMES","CATOSTOMIDAE","MOXOSTOMA","GREATER REDHORSE",4,"IV","4_BETTER","IVa",4,"NATIVE","IV","B","BROADCASTER; MIGRATORY; LITHOPHIL"
"NOCOMIS ASPER","CYPRINIFORMES","CYPRINIDAE","NOCOMIS","REDSPOT CHUB",3,"III","3_MIDDLE","III",3,"NATIVE","OM","F;W","LITHOPHIL"
"NOCOMIS BIGUTTATUS","CYPRINIFORMES","CYPRINIDAE","NOCOMIS","HORNYHEAD CHUB",3,"III","3_BETTER","IIIa",3,"NATIVE","OM","F;W","LITHOPHIL"
"NOTEMIGONUS CRYSOLEUCAS","CYPRINIFORMES","CYPRINIDAE","NOTEMIGONUS","GOLDEN SHINER",4,"IV","4_WORSE","IVb",4.5,"NATIVE","OM","W","BROADCASTER"
"NOTHONOTUS JULIAE","PERCIFORMES","PERCIDAE","NOTHONOTUS","YOKE DARTER",,,,,,"NATIVE","IV","B;F","LITHOPHIL"
"NOTROPIS","CYPRINIFORMES","CYPRINIDAE","NOTROPIS","EASTERN SHINER",4,"IV","4_BETTER","IVa",4,"NATIVE","OM","W",
"NOTROPIS ANOGENUS","CYPRINIFORMES","CYPRINIDAE","NOTROPIS","PUGNOSE SHINER",,,,,,"NATIVE","OM","W",
"NOTROPIS ATHERINOIDES","CYPRINIFORMES","CYPRINIDAE","NOTROPIS","EMERALD SHINER",4,"IV","4_WORSE","IVb",4.5,"NATIVE","OM","W","BROADCASTER"
"NOTROPIS ATROCAUDALIS","CYPRINIFORMES","CYPRINIDAE","NOTROPIS","BLACKSPOT SHINER",3,"III","3_MIDDLE","III",3,"NATIVE","OM","F;W",
"NOTROPIS BAIRDI","CYPRINIFORMES","CYPRINIDAE","NOTROPIS","RED RIVER SHINER",4,"IV","4_WORSE","IVb",4.5,"NATIVE","IV","F;W",
"NOTROPIS BLENNIUS","CYPRINIFORMES","CYPRINIDAE","NOTROPIS","RIVER SHINER",4,"IV","4_BETTER","IVa",4,"NATIVE","IV","F;W","BROADCASTER; LITHOPHIL"
"NOTROPIS BOOPS","CYPRINIFORMES","CYPRINIDAE","NOTROPIS","BIGEYE SHINER",3,"III","3_WORSE","IIIb",3.5,"NATIVE","IV","F;W","BROADCASTER; LITHOPHIL"
"NOTROPIS BUCCATUS","CYPRINIFORMES","CYPRINIDAE","NOTROPIS","SILVERJAW MINNOW",3,"III","3_MIDDLE","III",3,"NATIVE","OM","F","BROADCASTER; LITHOPHIL"
"NOTROPIS BUCHANANI","CYPRINIFORMES","CYPRINIDAE","NOTROPIS","GHOST SHINER",4,"IV","4_BETTER","IVa",4,"NATIVE","IV","F;W","BROADCASTER"
"NOTROPIS CHALYBAEUS","CYPRINIFORMES","CYPRINIDAE","NOTROPIS","IRONCOLOR SHINER",3,"III","3_MIDDLE","III",3,"NATIVE","IV","F;W","BROADCASTER; LITHOPHIL"
"NOTROPIS GIRARDI","CYPRINIFORMES","CYPRINIDAE","NOTROPIS","ARKANSAS RIVER SHINER",2,"II","2_MIDDLE","II",2,"NATIVE","IV","F;W",
"NOTROPIS GREENEI","CYPRINIFORMES","CYPRINIDAE","NOTROPIS","WEDGESPOT SHINER",3,"III","3_MIDDLE","III",3,"NATIVE","IV","F;W","LITHOPHIL"
"NOTROPIS HETERODON","CYPRINIFORMES","CYPRINIDAE","NOTROPIS","BLACKCHIN SHINER",,,,,,"NATIVE","IV","W","BROADCASTER"
"NOTROPIS HETEROLEPIS","CYPRINIFORMES","CYPRINIDAE","NOTROPIS","BLACKNOSE SHINER",2,"II","2_MIDDLE","II",2,"NATIVE","IV","W","BROADCASTER; LITHOPHIL"
"NOTROPIS HUDSONIUS","CYPRINIFORMES","CYPRINIDAE","NOTROPIS","SPOTTAIL SHINER",4,"IV","4_BETTER","IVa",4,"NATIVE","OM","W","BROADCASTER; MIGRATORY; LITHOPHIL"
"NOTROPIS MACULATUS","CYPRINIFORMES","CYPRINIDAE","NOTROPIS","TAILLIGHT SHINER",,,,,,,,,
"NOTROPIS NUBILUS","CYPRINIFORMES","CYPRINIDAE","NOTROPIS","OZARK MINNOW",3,"III","3_BETTER","IIIa",3,"NATIVE","HB","F","SIMPLE NEST; LITHOPHIL"
"NOTROPIS ORTENBURGERI","CYPRINIFORMES","CYPRINIDAE","NOTROPIS","KIAMICHI SHINER",3,"III","3_MIDDLE","III",3,"NATIVE","OM",,
"NOTROPIS OZARCANUS","CYPRINIFORMES","CYPRINIDAE","NOTROPIS","OZARK SHINER",3,"III","3_MIDDLE","III",3,"NATIVE","IV","F;W","LITHOPHIL"
"NOTROPIS PERCOBROMUS","CYPRINIFORMES","CYPRINIDAE","NOTROPIS","CARMINE SHINER",3,"III","3_BETTER","IIIa",3,"NATIVE","OM","F;W","LITHOPHIL"
"NOTROPIS POTTERI","CYPRINIFORMES","CYPRINIDAE","NOTROPIS","CHUB SHINER",,,,,,"NATIVE","IV","F",
"NOTROPIS RUBELLUS","CYPRINIFORMES","CYPRINIDAE","NOTROPIS","ROSYFACE SHINER",3,"III","3_BETTER","IIIa",3,"NATIVE","OM","F;W","SIMPLE NEST; LITHOPHIL"
"NOTROPIS SHUMARDI","CYPRINIFORMES","CYPRINIDAE","NOTROPIS","SILVERBAND SHINER",4,"IV","4_BETTER","IVa",4,"NATIVE","IV","F;W",
"NOTROPIS STRAMINEUS","CYPRINIFORMES","CYPRINIDAE","NOTROPIS","SAND SHINER",4,"IV","4_WORSE","IVb",4.5,"NATIVE","IV","B;F","BROADCASTER"
"NOTROPIS SUTTKUSI","CYPRINIFORMES","CYPRINIDAE","NOTROPIS","ROCKY SHINER",3,"III","3_MIDDLE","III",3,"NATIVE","OM","F;W","LITHOPHIL"
"NOTROPIS TELESCOPUS","CYPRINIFORMES","CYPRINIDAE","NOTROPIS","TELESCOPE SHINER",3,"III","3_MIDDLE","III",3,"NATIVE","IV","F;W","LITHOPHIL"
"NOTROPIS TEXANUS","CYPRINIFORMES","CYPRINIDAE","NOTROPIS","WEED SHINER",5,"V","5_MIDDLE","V",5,"NATIVE","OM","W","BROADCASTER"
"NOTROPIS TOPEKA","CYPRINIFORMES","CYPRINIDAE","NOTROPIS","TOPEKA SHINER",2,"II","2_MIDDLE","II",2,"NATIVE","IV","W","LITHOPHIL"
"NOTROPIS VOLUCELLUS","CYPRINIFORMES","CYPRINIDAE","NOTROPIS","MIMIC SHINER",4,"IV","4_BETTER","IVa",4,"NATIVE","OM","W","BROADCASTER"
"NOTROPIS WICKLIFFI","CYPRINIFORMES","CYPRINIDAE","NOTROPIS","CHANNEL SHINER",4,"IV","4_BETTER","IVa",4,"NATIVE","IV","F;W",
"NOTURUS","OTHER","ICTALURIDAE","NOTURUS","MADTOM",4,"IV","4_BETTER","IVa",4,"NATIVE","IV","B",
"NOTURUS ALBATER","OTHER","ICTALURIDAE","NOTURUS","OZARK MADTOM",,,,,,"NATIVE","IV","B;F","LITHOPHIL"
"NOTURUS ELEUTHERUS","OTHER","ICTALURIDAE","NOTURUS","MOUNTAIN MADTOM",3,"III","3_MIDDLE","III",3,"NATIVE","IV","B;F","COMPLEX NEST; LITHOPHIL"
"NOTURUS EXILIS","OTHER","ICTALURIDAE","NOTURUS","SLENDER MADTOM",3,"III","3_WORSE","IIIb",3.5,"NATIVE","IV","B;F","COMPLEX NEST"
"NOTURUS FLAVATER","OTHER","ICTALURIDAE","NOTURUS","CHECKERED MADTOM",,,,,,"NATIVE","IV","B",
"NOTURUS FLAVUS","OTHER","ICTALURIDAE","NOTURUS","STONECAT",3,"III","3_BETTER","IIIa",3,"NATIVE","IV","B;F","COMPLEX NEST; LITHOPHIL"
"NOTURUS GYRINUS","OTHER","ICTALURIDAE","NOTURUS","TADPOLE MADTOM",4,"IV","4_BETTER","IVa",4,"NATIVE","IV","B","COMPLEX NEST"
"NOTURUS MIURUS","OTHER","ICTALURIDAE","NOTURUS","BRINDLED MADTOM",3,"III","3_BETTER","IIIa",3,"NATIVE","IV","B","COMPLEX NEST"
"NOTURUS NOCTURNUS","OTHER","ICTALURIDAE","NOTURUS","FRECKLED MADTOM",3,"III","3_BETTER","IIIa",3,"NATIVE","IV","B;F","COMPLEX NEST"
"NOTURUS PLACIDUS","OTHER","ICTALURIDAE","NOTURUS","NEOSHO MADTOM",,,,,,"NATIVE","IV","B;F",
"ONCHORHYNCHUS CLARKI","OTHER","SALMONIDAE","ONCHORHYNCHUS","CUTTHROAT TROUT",2,"II","2_MIDDLE","II",2,"NON_NATIVE","TC",,"LITHOPHIL"
"ONCORHYNCHUS KISUTCH","OTHER","SALMONIDAE","ONCORHYNCHUS","COHO SALMON",,,,,,"NON_NATIVE","IV","W","SIMPLE NEST; MIGRATORY; LITHOPHIL"
"ONCORHYNCHUS MYKISS","OTHER","SALMONIDAE","ONCORHYNCHUS","RAINBOW TROUT",3,"III","3_BETTER","IIIa",3,"NON_NATIVE","TC","W","SIMPLE NEST; MIGRATORY; LITHOPHIL"
"PERCA FLAVESCENS","PERCIFORMES","PERCIDAE","PERCA","YELLOW PERCH",4,"IV","4_WORSE","IVb",4.5,"NATIVE","TC","W","BROADCASTER"
"PERCIDAE","PERCIFORMES","PERCIDAE","PERCIDAE","PERCHES",4,"IV","4_WORSE","IVb",4.5,"NATIVE","OM",,
"PERCINA","PERCIFORMES","PERCIDAE","PERCINA","ROUGHBELLY DARTERS",4,"IV","4_BETTER","IVa",4,"NATIVE","OM",,
"PERCINA CAPRODES","PERCIFORMES","PERCIDAE","PERCINA","LOGPERCH",4,"IV","4_BETTER","IVa",4,"NATIVE","IV","B","BROADCASTER; LITHOPHIL"
"PERCINA COPELANDI","PERCIFORMES","PERCIDAE","PERCINA","CHANNEL DARTER",3,"III","3_BETTER","IIIa",3,"NATIVE","IV","B","SIMPLE NEST; LITHOPHIL"
"PERCINA CYMATOTAENIA","PERCIFORMES","PERCIDAE","PERCINA","BLUESTRIPE DARTER",,,,,,"NATIVE","IV","B",
"PERCINA EVIDES","PERCIFORMES","PERCIDAE","PERCINA","GILT DARTER",3,"III","3_MIDDLE","III",3,"NATIVE","IV","B;F","BROADCASTER; LITHOPHIL"
"PERCINA FULVITAENIA","PERCIFORMES","PERCIDAE","PERCINA","OZARK LOGPERCH",3,"III","3_WORSE","IIIb",3.5,"NATIVE","IV","B","LITHOPHIL"
"PERCINA MACROLEPIDA","PERCIFORMES","PERCIDAE","PERCINA","BIGSCALE LOGPERCH",,,,,,,,,
"PERCINA MACULATA","PERCIFORMES","PERCIDAE","PERCINA","BLACKSIDE DARTER",4,"IV","4_BETTER","IVa",4,"NATIVE","IV","B","BROADCASTER; MIGRATORY; LITHOPHIL"
"PERCINA NASUTA","PERCIFORMES","PERCIDAE","PERCINA","LONGNOSE DARTER",,,,,,"NATIVE","IV","B","LITHOPHIL"
"PERCINA PANTHERINA","PERCIFORMES","PERCIDAE","PERCINA","LEOPARD DARTER",2,"II","2_MIDDLE","II",2,"NATIVE","IV","B;F","LITHOPHIL"
"PERCINA PHOXOCEPHALA","PERCIFORMES","PERCIDAE","PERCINA","SLENDERHEAD DARTER",4,"IV","4_BETTER","IVa",4,"NATIVE","IV","B;F","BROADCASTER; MIGRATORY; LITHOPHIL"
"PERCINA PHOXOCEPHALA X CAPRODES","PERCIFORMES","PERCIDAE","PERCINA","SLENDERHEAD DARTER X LOGPERCH",,,,,,"NATIVE","OM",,
"PERCINA SCIERA","PERCIFORMES","PERCIDAE","PERCINA","DUSKY DARTER",3,"III","3_WORSE","IIIb",3.5,"NATIVE","IV","B","SIMPLE NEST; LITHOPHIL"
"PERCINA SHUMARDI","PERCIFORMES","PERCIDAE","PERCINA","RIVER DARTER",,,,,,"NATIVE","IV","B;F","SIMPLE NEST; LITHOPHIL"
"PERCINA URANIDEA","PERCIFORMES","PERCIDAE","PERCINA","STARGAZING DARTER",,,,,,,,,
"PERCINA VIGIL","PERCIFORMES","PERCIDAE","PERCINA","SADDLEBACK DARTER",,,,,,"NATIVE","IV","B;F","SIMPLE NEST; LITHOPHIL"
"PERCOPSIS OMISCOMAYCUS","OTHER","PERCOPSIDAE","PERCOPSIS","TROUT-PERCH",3,"III","3_BETTER","IIIa",3,"NATIVE","IV","B","BROADCASTER; LITHOPHIL"
"PETROMYZONTIDAE","OTHER","PETROMYZONTIDAE","PETROMYZONTIDAE","LAMPREY",4,"IV","4_BETTER","IVa",4,"NATIVE","OM",,"LITHOPHIL"
"PETROMYZONTIFORMES AMMOCOETE","OTHER",,"PETROMYZONTIFORMES","LAMPREY",,,,,,,,,
"PHENACOBIUS MIRABILIS","CYPRINIFORMES","CYPRINIDAE","PHENACOBIUS","SUCKERMOUTH MINNOW",4,"IV","4_BETTER","IVa",4,"NATIVE","IV","B;F","BROADCASTER; MIGRATORY; LITHOPHIL"
"PHOXINUS","CYPRINIFORMES","CYPRINIDAE","PHOXINUS","DACE",,,,,,,,,
"PIMEPHALES NOTATUS","CYPRINIFORMES","CYPRINIDAE","PIMEPHALES","BLUNTNOSE MINNOW",4,"IV","4_BETTER","IVa",4,"NATIVE","OM",,"COMPLEX NEST"
"PIMEPHALES PROMELAS","CYPRINIFORMES","CYPRINIDAE","PIMEPHALES","FATHEAD MINNOW",5,"V","5_MIDDLE","V",5,"NATIVE","OM",,"COMPLEX NEST"
"PIMEPHALES TENELLUS","CYPRINIFORMES","CYPRINIDAE","PIMEPHALES","SLIM MINNOW",3,"III","3_WORSE","IIIb",3.5,"NATIVE","IV","W",
"PIMEPHALES VIGILAX","CYPRINIFORMES","CYPRINIDAE","PIMEPHALES","BULLHEAD MINNOW",4,"IV","4_WORSE","IVb",4.5,"NATIVE","IV",,"COMPLEX NEST"
"PLATYGOBIO GRACILIS","CYPRINIFORMES","CYPRINIDAE","PLATYGOBIO","FLATHEAD CHUB",4,"IV","4_BETTER","IVa",4,"NATIVE","IV","B;F",
"POLYODON SPATHULA","OTHER","POLYODONTIDAE","POLYODON","PADDLEFISH",3,"III","3_WORSE","IIIb",3.5,"NATIVE","OM","F;W","BROADCASTER; MIGRATORY; LITHOPHIL"
"POMOXIS","PERCIFORMES","CENTRARCHIDAE","POMOXIS","CRAPPIES",4,"IV","4_WORSE","IVb",4.5,"NATIVE","TC","W",
"POMOXIS ANNULARIS","PERCIFORMES","CENTRARCHIDAE","POMOXIS","WHITE CRAPPIE",4,"IV","4_WORSE","IVb",4.5,"NATIVE","TC","W","COMPLEX NEST"
"POMOXIS NIGROMACULATUS","PERCIFORMES","CENTRARCHIDAE","POMOXIS","BLACK CRAPPIE",3,"III","3_BETTER","IIIa",3,"NATIVE","TC","W","COMPLEX NEST"
"PYLODICTIS OLIVARIS","OTHER","ICTALURIDAE","PYLODICTIS","FLATHEAD CATFISH",4,"IV","4_BETTER","IVa",4,"NATIVE","TC",,"COMPLEX NEST"
"RHINICHTHYS ATRATULUS","CYPRINIFORMES","CYPRINIDAE","RHINICHTHYS","EASTERN BLACKNOSE DACE",3,"III","3_MIDDLE","III",3,"NATIVE","OM","F","LITHOPHIL"
"RHINICHTHYS CATARACTAE","CYPRINIFORMES","CYPRINIDAE","RHINICHTHYS","LONGNOSE DACE",3,"III","3_BETTER","IIIa",3,"NATIVE","IV","B;F","BROADCASTER; LITHOPHIL"
"RHINICHTHYS OBTUSUS","CYPRINIFORMES","CYPRINIDAE","RHINICHTHYS","WESTERN BLACKNOSE DACE",4,"IV","4_BETTER","IVa",4,"NATIVE","OM","F","SIMPLE NEST; LITHOPHIL"
"SALMO TRUTTA","OTHER","SALMONIDAE","SALMO","BROWN TROUT",3,"III","3_BETTER","IIIa",3,"NON_NATIVE","TC","W","SIMPLE NEST; MIGRATORY; LITHOPHIL"
"SALMO TRUTTA X SALVELINUS FONTINALIS","OTHER","SALMONIDAE","SALMO","TIGER TROUT",,,,,,"NATIVE","OM","W",
"SALVELINUS FONTINALIS","OTHER","SALMONIDAE","SALVELINUS","BROOK TROUT",3,"III","3_BETTER","IIIa",3,"NON_NATIVE","TC","W","SIMPLE NEST; MIGRATORY; LITHOPHIL"
"SANDER CANADENSIS","PERCIFORMES","PERCIDAE","SANDER","SAUGER",4,"IV","4_BETTER","IVa",4,"NATIVE","TC","W","BROADCASTER; MIGRATORY; LITHOPHIL"
"SANDER VITREUS","PERCIFORMES","PERCIDAE","SANDER","WALLEYE",4,"IV","4_WORSE","IVb",4.5,"NATIVE","TC","W","BROADCASTER; MIGRATORY; LITHOPHIL"
"SANDER VITREUS X CANADENSIS","PERCIFORMES","PERCIDAE","SANDER","SAUGEYE",4,"IV","4_WORSE","IVb",4.5,"NATIVE","TC","F;W",
"SCAPHIRHYNCHUS PLATORYNCHUS","OTHER","ACIPENSERIDAE","SCAPHIRHYNCHUS","SHOVELNOSE STURGEON",3,"III","3_BETTER","IIIa",3,"NATIVE","IV","B;F","BROADCASTER; LITHOPHIL"
"SEMOTILUS ATROMACULATUS","CYPRINIFORMES","CYPRINIDAE","SEMOTILUS","CREEK CHUB",4,"IV","4_BETTER","IVa",4,"NATIVE","OM","F;W","SIMPLE NEST; LITHOPHIL"
"UMBRA LIMI","OTHER","UMBRIDAE","UMBRA","CENTRAL MUDMINNOW",5,"V","5_MIDDLE","V",5,"NATIVE","IV",,"COMPLEX NEST"
"UNIDENTIFIED",,,"UNIDENTIFIED","UNIDENTIFIED",,,,,,,,,
