SampleID,StationID,CollDate,TaxaID,N_Taxa,FFG,Habit,BCG_ATTR,TolVal,Phylum,SubPhylum,Class,SubClass,Order,Family,SubFamily,Tribe,Genus
Samp9142,FW08CA061,9/12/2008,Dero,18,,,5,,Annelida,,Oligochaeta,,Haplotaxida,Naididae,,,
Samp9142,FW08CA061,9/12/2008,Nais,26,CG,BU,5,8,Annelida,,Oligochaeta,Oligochaeta,Haplotaxida,Naididae,,,
Samp9142,FW08CA061,9/12/2008,Pristina,7,,,5,,Annelida,,Oligochaeta,,Haplotaxida,Naididae,,,
Samp9142,FW08CA061,9/12/2008,Tubificidae,6,CG,BU,5,10,Annelida,,Oligochaeta,Oligochaeta,Haplotaxida,Tubificidae,,,
Samp9142,FW08CA061,9/12/2008,Turbellaria,5,PR,SP,4,4,Platyhelminthes,,Turbellaria,,,,,,
Samp9142,FW08CA061,9/12/2008,Corbicula,14,CF,BU,6,6,Mollusca,,Bivalvia,Heterodonta,Veneroida,Corbiculidae,,,
Samp9142,FW08CA061,9/12/2008,Prostoma,1,PR,,4,6,Nemertea,,Enopla,,Hoplonemertea,Tetrastemmatidae,,,
Samp9142,FW08CA061,9/12/2008,Physa,15,SC,,5,8,Mollusca,,Gastropoda,,Basommatophora,Physidae,,,
Samp9142,FW08CA061,9/12/2008,Lebertia,1,PR,,4,8,Arthropoda,,Arachnida,Acarina,Acariformes,Lebertiidae,,,
Samp9142,FW08CA061,9/12/2008,Mideopsis,2,,,4,,Arthropoda,,Arachnida,,Trombidiformes,Mideopsidae,,,
Samp9142,FW08CA061,9/12/2008,Hyalella,9,CG,SP,4,8,Arthropoda,,Malacostraca,,Amphipoda,Hyalellidae,,,
Samp9142,FW08CA061,9/12/2008,Centroptilum,7,CG,CN,,2,Arthropoda,,Insecta,,Ephemeroptera,Baetidae,,,
Samp9142,FW08CA061,9/12/2008,Fallceon,2,CG,SW,4,5,Arthropoda,,Insecta,,Ephemeroptera,Baetidae,,,
Samp9142,FW08CA061,9/12/2008,Ablabesmyia,14,PR,SP,5,8,Arthropoda,,Insecta,,Diptera,Chironomidae,Tanypodinae,,
Samp9142,FW08CA061,9/12/2008,Cricotopus/orthocladius,8,SH,SP,4,6,Arthropoda,,Insecta,,Diptera,Chironomidae,,,
Samp9142,FW08CA061,9/12/2008,Cryptotendipes,2,CG,BU,5,8,Arthropoda,,Insecta,,Diptera,Chironomidae,Chironominae,,
Samp9142,FW08CA061,9/12/2008,Dicrotendipes,120,CF,BU,4,8,Arthropoda,,Insecta,,Diptera,Chironomidae,Chironominae,,
Samp9142,FW08CA061,9/12/2008,Nanocladius,1,CG,SP,4,3,Arthropoda,,Insecta,,Diptera,Chironomidae,Orthocladiinae,,
Samp9142,FW08CA061,9/12/2008,Paratendipes,1,CG,BU,4,8,Arthropoda,,Insecta,,Diptera,Chironomidae,Chironominae,,
Samp9142,FW08CA061,9/12/2008,Procladius,2,PR,SP,5,9,Arthropoda,,Insecta,,Diptera,Chironomidae,Tanypodinae,,
Samp9142,FW08CA061,9/12/2008,Tanytarsus,4,CG,CB,4,6,Arthropoda,,Insecta,,Diptera,Chironomidae,Chironominae,,
Samp9142,FW08CA061,9/12/2008,Argia,2,PR,CN,4,7,Arthropoda,,Insecta,,Odonata,Coenagrionidae,,,
Samp9142,FW08CA061,9/12/2008,Coenagrionidae,23,PR,CB,4,9,Arthropoda,,Insecta,,Odonata,Coenagrionidae,,,
Samp9142,FW08CA061,9/12/2008,Dubiraphia,6,CG,CN,4,4,Arthropoda,,Insecta,,Coleoptera,Elmidae,,,
Samp9142,FW08CA061,9/12/2008,Hydroptila,2,SC,CN,4,6,Arthropoda,,Insecta,,Trichoptera,Hydroptilidae,Hydroptilinae,,
Samp9142,FW08CA061,9/12/2008,Oxyethira,1,,CN,4,3,Arthropoda,,Insecta,,Trichoptera,Hydroptilidae,Hydroptilinae,,
Samp9142,FW08CA061,9/12/2008,Nectopsyche,1,SH,CB,4,3,Arthropoda,,Insecta,,Trichoptera,Leptoceridae,Leptocerinae,,
Samp9143,FW08CO033,9/15/2009,Cambarincolidae,1,,,5,,Annelida,,Oligochaeta,,Branchiobdellida,Cambarincolidae,,,
Samp9143,FW08CO033,9/15/2009,Ferrissia,1,SC,CN,4,6,Mollusca,,Gastropoda,,Basommatophora,Ancylidae,,,
Samp9143,FW08CO033,9/15/2009,Cambaridae,1,CG,SP,,6,Arthropoda,,Malacostraca,,Decapoda,Cambaridae,,,
Samp9143,FW08CO033,9/15/2009,Orconectes,1,CG,SP,,6,Arthropoda,,Malacostraca,,Decapoda,Cambaridae,Cambarinae,,
Samp9143,FW08CO033,9/15/2009,Acentrella,2,CG,SW,3,4,Arthropoda,,Insecta,,Ephemeroptera,Baetidae,,,
Samp9143,FW08CO033,9/15/2009,Baetis,4,CG,SW,4,5,Arthropoda,,Insecta,,Ephemeroptera,Baetidae,,,
Samp9143,FW08CO033,9/15/2009,Fallceon,1,CG,SW,4,5,Arthropoda,,Insecta,,Ephemeroptera,Baetidae,,,
Samp9143,FW08CO033,9/15/2009,Cricotopus/orthocladius,3,SH,SP,4,6,Arthropoda,,Insecta,,Diptera,Chironomidae,,,
Samp9143,FW08CO033,9/15/2009,Lopescladius,7,SH,SP,4,6,Arthropoda,,Insecta,,Diptera,Chironomidae,Orthocladiinae,,
Samp9143,FW08CO033,9/15/2009,Microtendipes,1,CG,CN,4,6,Arthropoda,,Insecta,,Diptera,Chironomidae,Chironominae,,
Samp9143,FW08CO033,9/15/2009,Paralauterborniella,1,CG,BU,4,5,Arthropoda,,Insecta,,Diptera,Chironomidae,Chironominae,,
Samp9143,FW08CO033,9/15/2009,Polypedilum,1,SH,CB,4,6,Arthropoda,,Insecta,,Diptera,Chironomidae,Chironominae,,
Samp9143,FW08CO033,9/15/2009,Saetheria,1,CG,BU,4,8,Arthropoda,,Insecta,,Diptera,Chironomidae,Chironominae,,
Samp9143,FW08CO033,9/15/2009,Stempellinella,1,CG,CN,3,2,Arthropoda,,Insecta,,Diptera,Chironomidae,Chironominae,,
Samp9143,FW08CO033,9/15/2009,Empididae,1,PR,SP,4,6,Arthropoda,,Insecta,,Diptera,Empididae,,,
Samp9143,FW08CO033,9/15/2009,Glossosoma,4,SC,CN,3,,Arthropoda,,Insecta,,Trichoptera,Glossosomatidae,Glossosomatinae,,
Samp9143,FW08CO033,9/15/2009,Ophiogomphus,2,PR,BU,4,1,Arthropoda,,Insecta,,Odonata,Gomphidae,,,
Samp9143,FW08CO033,9/15/2009,Heptageniidae,1,SC,CN,3,4,Arthropoda,,Insecta,,Ephemeroptera,Heptageniidae,,,
Samp9143,FW08CO033,9/15/2009,Cheumatopsyche,2,CF,CN,4,5,Arthropoda,,Insecta,,Trichoptera,Hydropsychidae,Hydropsychinae,,
Samp9143,FW08CO033,9/15/2009,Hydropsyche,4,CF,CN,4,4,Arthropoda,,Insecta,,Trichoptera,Hydropsychidae,Hydropsychinae,,
Samp9143,FW08CO033,9/15/2009,Hydroptila,1,SC,CN,4,6,Arthropoda,,Insecta,,Trichoptera,Hydroptilidae,Hydroptilinae,,
Samp9143,FW08CO033,9/15/2009,Nectopsyche,2,SH,CB,4,3,Arthropoda,,Insecta,,Trichoptera,Leptoceridae,Leptocerinae,,
Samp9143,FW08CO033,9/15/2009,Oecetis,1,PR,CN,4,8,Arthropoda,,Insecta,,Trichoptera,Leptoceridae,Leptocerinae,,
Samp9143,FW08CO033,9/15/2009,Tricorythodes,28,CG,SP,4,5,Arthropoda,,Insecta,,Ephemeroptera,Leptohyphidae,,,
Samp9143,FW08CO033,9/15/2009,Leptophlebia,1,CG,SW,4,2,Arthropoda,,Insecta,,Ephemeroptera,Leptophlebiidae,,,
Samp9154,FW08NE021,8/14/2008,Lymnaeidae,1,SC,CB,4,6,Mollusca,,Gastropoda,,Basommatophora,Lymnaeidae,,,
Samp9154,FW08NE021,8/14/2008,Cambaridae,7,CG,SP,,6,Arthropoda,,Malacostraca,,Decapoda,Cambaridae,,,
Samp9154,FW08NE021,8/14/2008,Hyalella,1,CG,SP,4,8,Arthropoda,,Malacostraca,,Amphipoda,Hyalellidae,,,
Samp9154,FW08NE021,8/14/2008,Isonychia,8,CF,SW,3,2,Arthropoda,,Insecta,,Ephemeroptera,Isonychiidae,,,
Samp9154,FW08NE021,8/14/2008,Tricorythodes,4,CG,SP,4,5,Arthropoda,,Insecta,,Ephemeroptera,Leptohyphidae,,,
Samp9160,FW08NE046,6/8/2009,Physa,2,SC,,5,8,Mollusca,,Gastropoda,,Basommatophora,Physidae,,,
Samp9160,FW08NE046,6/8/2009,Callibaetis,8,CG,SW,5,9,Arthropoda,,Insecta,,Ephemeroptera,Baetidae,,,
Samp9160,FW08NE046,6/8/2009,Ceratopogoninae,1,PR,BU,4,6,Arthropoda,,Insecta,,Diptera,Ceratopogonidae,Ceratopogoninae,,
Samp9160,FW08NE046,6/8/2009,Chironomus,8,CG,BU,5,10,Arthropoda,,Insecta,,Diptera,Chironomidae,Chironominae,,
Samp9160,FW08NE046,6/8/2009,Cladotanytarsus,1,CF,CB,3,7,Arthropoda,,Insecta,,Diptera,Chironomidae,Chironominae,,
Samp9160,FW08NE046,6/8/2009,Cryptochironomus,1,PR,SP,5,8,Arthropoda,,Insecta,,Diptera,Chironomidae,Chironominae,,
Samp9160,FW08NE046,6/8/2009,Dicrotendipes,1,CF,BU,4,8,Arthropoda,,Insecta,,Diptera,Chironomidae,Chironominae,,
Samp9160,FW08NE046,6/8/2009,Tropisternus,2,CG,CB,5,5,Arthropoda,,Insecta,,Coleoptera,Hydrophilidae,Hydrophilinae,,
Samp9162,FW08OK014,8/18/2008,Dasyhelea,1,CG,SP,5,6,Arthropoda,,Insecta,,Diptera,Ceratopogonidae,Dasyheleinae,,
Samp9162,FW08OK014,8/18/2008,Polypedilum,1,SH,CB,4,6,Arthropoda,,Insecta,,Diptera,Chironomidae,Chironominae,,
Samp9162,FW08OK014,8/18/2008,Rheotanytarsus,1,CG,CN,4,6,Arthropoda,,Insecta,,Diptera,Chironomidae,Chironominae,,
Samp9162,FW08OK014,8/18/2008,Saetheria,1,CG,BU,4,8,Arthropoda,,Insecta,,Diptera,Chironomidae,Chironominae,,
Samp9162,FW08OK014,8/18/2008,Dubiraphia,1,CG,CN,4,4,Arthropoda,,Insecta,,Coleoptera,Elmidae,,,
Samp9162,FW08OK014,8/18/2008,Ephydridae,1,CG,BU,5,6,Arthropoda,,Insecta,,Diptera,Ephydridae,,,
Samp9162,FW08OK014,8/18/2008,Gomphidae,1,PR,BU,4,1,Arthropoda,,Insecta,,Odonata,Gomphidae,,,
Samp9162,FW08OK014,8/18/2008,Progomphus,1,PR,BU,4,3,Arthropoda,,Insecta,,Odonata,Gomphidae,,,
Samp9162,FW08OK014,8/18/2008,Nectopsyche,1,SH,CB,4,3,Arthropoda,,Insecta,,Trichoptera,Leptoceridae,Leptocerinae,,
Samp9163,FW08OK017,6/22/2009,Corbicula,1,CF,BU,6,6,Mollusca,,Bivalvia,Heterodonta,Veneroida,Corbiculidae,,,
Samp9163,FW08OK017,6/22/2009,Cercobrachys,6,,,4,,Arthropoda,,Insecta,,Ephemeroptera,Caenidae,,,
Samp9163,FW08OK017,6/22/2009,Gillotia,3,,BU,,,Arthropoda,,Insecta,,Diptera,Chironomidae,Chironominae,,
Samp9163,FW08OK017,6/22/2009,Procladius,1,PR,SP,5,9,Arthropoda,,Insecta,,Diptera,Chironomidae,Tanypodinae,,
Samp9163,FW08OK017,6/22/2009,Progomphus,1,PR,BU,4,3,Arthropoda,,Insecta,,Odonata,Gomphidae,,,
Samp9163,FW08OK017,6/22/2009,Homoeoneuria,1,CF;CG,BU,2,2,Arthropoda,,Insecta,,Ephemeroptera,Oligoneuriidae,,,
Samp9167,FW08OK027,8/17/2009,Procloeon,1,CG,SW,,9,Arthropoda,,Insecta,,Ephemeroptera,Baetidae,,,
Samp9167,FW08OK027,8/17/2009,Cercobrachys,1,,,4,,Arthropoda,,Insecta,,Ephemeroptera,Caenidae,,,
Samp9167,FW08OK027,8/17/2009,Dasyhelea,1,CG,SP,5,6,Arthropoda,,Insecta,,Diptera,Ceratopogonidae,Dasyheleinae,,
Samp9167,FW08OK027,8/17/2009,Chironomidae,2,CG,BU,4,6,Arthropoda,,Insecta,,Diptera,Chironomidae,,,
Samp9167,FW08OK027,8/17/2009,Cladotanytarsus,1,CF,CB,3,7,Arthropoda,,Insecta,,Diptera,Chironomidae,Chironominae,,
Samp9167,FW08OK027,8/17/2009,Cryptochironomus,1,PR,SP,5,8,Arthropoda,,Insecta,,Diptera,Chironomidae,Chironominae,,
Samp9167,FW08OK027,8/17/2009,Lopescladius,285,SH,SP,4,6,Arthropoda,,Insecta,,Diptera,Chironomidae,Orthocladiinae,,
Samp9167,FW08OK027,8/17/2009,Paratendipes,2,CG,BU,4,8,Arthropoda,,Insecta,,Diptera,Chironomidae,Chironominae,,
Samp9167,FW08OK027,8/17/2009,Saetheria,2,CG,BU,4,8,Arthropoda,,Insecta,,Diptera,Chironomidae,Chironominae,,
Samp9167,FW08OK027,8/17/2009,Dolichopodidae,3,PR,SP,,4,Arthropoda,,Insecta,,Diptera,Dolichopodidae,Dolichopodinae,,
Samp9167,FW08OK027,8/17/2009,Progomphus,1,PR,BU,4,3,Arthropoda,,Insecta,,Odonata,Gomphidae,,,
Samp9169,FW08OK036,6/23/2009,Pisidiidae,10,CF,,4,6,Mollusca,,Bivalvia,,Veneroida,Pisidiidae,,,
Samp9169,FW08OK036,6/23/2009,Sphaerium,1,CF;CG,BU,,6,Mollusca,,Bivalvia,,Veneroida,Pisidiidae,,,
Samp9169,FW08OK036,6/23/2009,Hyalella,14,CG,SP,4,8,Arthropoda,,Malacostraca,,Amphipoda,Hyalellidae,,,
Samp9169,FW08OK036,6/23/2009,Baetidae,1,CG,SW,4,4,Arthropoda,,Insecta,,Ephemeroptera,Baetidae,,,
Samp9169,FW08OK036,6/23/2009,Fallceon,4,CG,SW,4,5,Arthropoda,,Insecta,,Ephemeroptera,Baetidae,,,
Samp9169,FW08OK036,6/23/2009,Paracloeodes,9,SC,SW,4,6,Arthropoda,,Insecta,,Ephemeroptera,Baetidae,,,
Samp9169,FW08OK036,6/23/2009,Caenis,114,CG,SP,4,7,Arthropoda,,Insecta,,Ephemeroptera,Caenidae,,,
Samp9169,FW08OK036,6/23/2009,Cercobrachys,10,,,4,,Arthropoda,,Insecta,,Ephemeroptera,Caenidae,,,
Samp9169,FW08OK036,6/23/2009,Calopterygidae,1,PR,CB,4,5,Arthropoda,,Insecta,,Odonata,Calopterygidae,,,
Samp9169,FW08OK036,6/23/2009,Hetaerina,2,PR,CB,4,6,Arthropoda,,Insecta,,Odonata,Calopterygidae,,,
Samp9169,FW08OK036,6/23/2009,Ceratopogonidae,1,PR,SP,4,6,Arthropoda,,Insecta,,Diptera,Ceratopogonidae,,,
Samp9169,FW08OK036,6/23/2009,Cryptochironomus,1,PR,SP,5,8,Arthropoda,,Insecta,,Diptera,Chironomidae,Chironominae,,
Samp9169,FW08OK036,6/23/2009,Dicrotendipes,1,CF,BU,4,8,Arthropoda,,Insecta,,Diptera,Chironomidae,Chironominae,,
Samp9169,FW08OK036,6/23/2009,Labrundinia,1,PR,SP,4,6,Arthropoda,,Insecta,,Diptera,Chironomidae,Tanypodinae,,
Samp9169,FW08OK036,6/23/2009,Nanocladius,1,CG,SP,4,3,Arthropoda,,Insecta,,Diptera,Chironomidae,Orthocladiinae,,
Samp9169,FW08OK036,6/23/2009,Pentaneura,4,PR,SP,4,6,Arthropoda,,Insecta,,Diptera,Chironomidae,Tanypodinae,,
Samp9169,FW08OK036,6/23/2009,Polypedilum,8,SH,CB,4,6,Arthropoda,,Insecta,,Diptera,Chironomidae,Chironominae,,
Samp9169,FW08OK036,6/23/2009,Rheotanytarsus,4,CG,CN,4,6,Arthropoda,,Insecta,,Diptera,Chironomidae,Chironominae,,
Samp9169,FW08OK036,6/23/2009,Saetheria,2,CG,BU,4,8,Arthropoda,,Insecta,,Diptera,Chironomidae,Chironominae,,
Samp9169,FW08OK036,6/23/2009,Tanytarsus,17,CG,CB,4,6,Arthropoda,,Insecta,,Diptera,Chironomidae,Chironominae,,
Samp9169,FW08OK036,6/23/2009,Thienemannimyia genus gr.,5,,,4,,Arthropoda,,Insecta,,Diptera,Chironomidae,Tanypodinae,,
Samp9169,FW08OK036,6/23/2009,Argia,1,PR,CN,4,7,Arthropoda,,Insecta,,Odonata,Coenagrionidae,,,
Samp9169,FW08OK036,6/23/2009,Dubiraphia,2,CG,CN,4,4,Arthropoda,,Insecta,,Coleoptera,Elmidae,,,
Samp9169,FW08OK036,6/23/2009,Stenelmis,1,SC,CN,4,7,Arthropoda,,Insecta,,Coleoptera,Elmidae,,,
Samp9169,FW08OK036,6/23/2009,Erpetogomphus,1,PR,BU,4,4,Arthropoda,,Insecta,,Odonata,Gomphidae,,,
Samp9169,FW08OK036,6/23/2009,Gomphidae,5,PR,BU,4,1,Arthropoda,,Insecta,,Odonata,Gomphidae,,,
Samp9169,FW08OK036,6/23/2009,Berosus,2,CG,SW,4,5,Arthropoda,,Insecta,,Coleoptera,Hydrophilidae,Berosinae,,
Samp9169,FW08OK036,6/23/2009,Hydroptila,8,SC,CN,4,6,Arthropoda,,Insecta,,Trichoptera,Hydroptilidae,Hydroptilinae,,
Samp9169,FW08OK036,6/23/2009,Hydroptilidae,7,SC,CN,4,4,Arthropoda,,Insecta,,Trichoptera,Hydroptilidae,,,
Samp9169,FW08OK036,6/23/2009,Nectopsyche,31,SH,CB,4,3,Arthropoda,,Insecta,,Trichoptera,Leptoceridae,Leptocerinae,,
Samp9169,FW08OK036,6/23/2009,Tricorythodes,22,CG,SP,4,5,Arthropoda,,Insecta,,Ephemeroptera,Leptohyphidae,,,
Samp9169,FW08OK036,6/23/2009,Homoeoneuria,6,CF;CG,BU,2,2,Arthropoda,,Insecta,,Ephemeroptera,Oligoneuriidae,,,
Samp9169,FW08OK036,6/23/2009,Scirtidae,2,SC,CB,4,4,Arthropoda,,Insecta,,Coleoptera,Scirtidae,,,
Samp9169,FW08OK036,6/23/2009,Stratiomyidae,1,CG,SP,,8,Arthropoda,,Insecta,,Diptera,Stratiomyidae,,,
Samp9170,FW08OK039,7/13/2009,Physa,1,SC,,5,8,Mollusca,,Gastropoda,,Basommatophora,Physidae,,,
Samp9170,FW08OK039,7/13/2009,Chernovskiia,1,,,,,Arthropoda,,Insecta,,Diptera,Chironomidae,,,
Samp9170,FW08OK039,7/13/2009,Gillotia,1,,BU,,,Arthropoda,,Insecta,,Diptera,Chironomidae,Chironominae,,
Samp9170,FW08OK039,7/13/2009,Rheotanytarsus,1,CG,CN,4,6,Arthropoda,,Insecta,,Diptera,Chironomidae,Chironominae,,
Samp9170,FW08OK039,7/13/2009,Gomphidae,1,PR,BU,4,1,Arthropoda,,Insecta,,Odonata,Gomphidae,,,
Samp9176,FW08OK053,5/19/2009,Paracloeodes,1,SC,SW,4,6,Arthropoda,,Insecta,,Ephemeroptera,Baetidae,,,
Samp9176,FW08OK053,5/19/2009,Chironomidae,1,CG,BU,4,6,Arthropoda,,Insecta,,Diptera,Chironomidae,,,
Samp9176,FW08OK053,5/19/2009,Cricotopus/orthocladius,3,SH,SP,4,6,Arthropoda,,Insecta,,Diptera,Chironomidae,,,
Samp9176,FW08OK053,5/19/2009,Lopescladius,1,SH,SP,4,6,Arthropoda,,Insecta,,Diptera,Chironomidae,Orthocladiinae,,
Samp9176,FW08OK053,5/19/2009,Saetheria,1,CG,BU,4,8,Arthropoda,,Insecta,,Diptera,Chironomidae,Chironominae,,
Samp9176,FW08OK053,5/19/2009,Progomphus,4,PR,BU,4,3,Arthropoda,,Insecta,,Odonata,Gomphidae,,,
Samp9190,FW08WA036,9/25/2009,Hygrobates,2,PR,,4,,Arthropoda,,Arachnida,,Trombidiformes,Hygrobatidae,,,
Samp9195,CAR9-0910,6/17/2014,Corbicula,13,CF,BU,6,6,Mollusca,,Bivalvia,Heterodonta,Veneroida,Corbiculidae,,,
Samp9195,CAR9-0910,6/17/2014,Hygrobates,1,PR,,4,,Arthropoda,,Arachnida,,Trombidiformes,Hygrobatidae,,,
Samp9195,CAR9-0910,6/17/2014,Lebertia,2,PR,,4,8,Arthropoda,,Arachnida,Acarina,Acariformes,Lebertiidae,,,
Samp9195,CAR9-0910,6/17/2014,Limnesia,1,,,4,,Arthropoda,,Arachnida,,Trombidiformes,Limnesiidae,,,
Samp9195,CAR9-0910,6/17/2014,Sperchon,1,PR,,4,8,Arthropoda,,Arachnida,Acarina,Acariformes,Sperchonidae,,,
Samp9195,CAR9-0910,6/17/2014,Hyalella,2,CG,SP,4,8,Arthropoda,,Malacostraca,,Amphipoda,Hyalellidae,,,
Samp9195,CAR9-0910,6/17/2014,Baetidae,5,CG,SW,4,4,Arthropoda,,Insecta,,Ephemeroptera,Baetidae,,,
Samp9195,CAR9-0910,6/17/2014,Centroptilum,36,CG,CN,,2,Arthropoda,,Insecta,,Ephemeroptera,Baetidae,,,
Samp9195,CAR9-0910,6/17/2014,Fallceon,2,CG,SW,4,5,Arthropoda,,Insecta,,Ephemeroptera,Baetidae,,,
Samp9195,CAR9-0910,6/17/2014,Paracloeodes,116,SC,SW,4,6,Arthropoda,,Insecta,,Ephemeroptera,Baetidae,,,
Samp9195,CAR9-0910,6/17/2014,Ablabesmyia,1,PR,SP,5,8,Arthropoda,,Insecta,,Diptera,Chironomidae,Tanypodinae,,
Samp9195,CAR9-0910,6/17/2014,Chironomidae,9,CG,BU,4,6,Arthropoda,,Insecta,,Diptera,Chironomidae,,,
Samp9195,CAR9-0910,6/17/2014,Cladotanytarsus,83,CF,CB,3,7,Arthropoda,,Insecta,,Diptera,Chironomidae,Chironominae,,
Samp9195,CAR9-0910,6/17/2014,Cricotopus/orthocladius,2,SH,SP,4,6,Arthropoda,,Insecta,,Diptera,Chironomidae,,,
Samp9195,CAR9-0910,6/17/2014,Cryptochironomus,1,PR,SP,5,8,Arthropoda,,Insecta,,Diptera,Chironomidae,Chironominae,,
Samp9195,CAR9-0910,6/17/2014,Dicrotendipes,15,CF,BU,4,8,Arthropoda,,Insecta,,Diptera,Chironomidae,Chironominae,,
Samp9195,CAR9-0910,6/17/2014,Polypedilum,1,SH,CB,4,6,Arthropoda,,Insecta,,Diptera,Chironomidae,Chironominae,,
Samp9195,CAR9-0910,6/17/2014,Procladius,1,PR,SP,5,9,Arthropoda,,Insecta,,Diptera,Chironomidae,Tanypodinae,,
Samp9195,CAR9-0910,6/17/2014,Coenagrionidae,2,PR,CB,4,9,Arthropoda,,Insecta,,Odonata,Coenagrionidae,,,
Samp9195,CAR9-0910,6/17/2014,Tricorythodes,6,CG,SP,4,5,Arthropoda,,Insecta,,Ephemeroptera,Leptohyphidae,,,
Samp9201,KSR9-0912,7/22/2013,Tubificidae,3,CG,BU,5,10,Annelida,,Oligochaeta,Oligochaeta,Haplotaxida,Tubificidae,,,
Samp9201,KSR9-0912,7/22/2013,Arachnida,1,,,4,,Arthropoda,,Arachnida,,,,,,
Samp9201,KSR9-0912,7/22/2013,Centroptilum,1,CG,CN,,2,Arthropoda,,Insecta,,Ephemeroptera,Baetidae,,,
Samp9201,KSR9-0912,7/22/2013,Caenis,15,CG,SP,4,7,Arthropoda,,Insecta,,Ephemeroptera,Caenidae,,,
Samp9201,KSR9-0912,7/22/2013,Cercobrachys,4,,,4,,Arthropoda,,Insecta,,Ephemeroptera,Caenidae,,,
Samp9201,KSR9-0912,7/22/2013,Ceratopogonidae,1,PR,SP,4,6,Arthropoda,,Insecta,,Diptera,Ceratopogonidae,,,
Samp9201,KSR9-0912,7/22/2013,Ceratopogoninae,1,PR,BU,4,6,Arthropoda,,Insecta,,Diptera,Ceratopogonidae,Ceratopogoninae,,
Samp9201,KSR9-0912,7/22/2013,Dasyhelea,9,CG,SP,5,6,Arthropoda,,Insecta,,Diptera,Ceratopogonidae,Dasyheleinae,,
Samp9201,KSR9-0912,7/22/2013,Chironomidae,1,CG,BU,4,6,Arthropoda,,Insecta,,Diptera,Chironomidae,,,
Samp9201,KSR9-0912,7/22/2013,Cladotanytarsus,8,CF,CB,3,7,Arthropoda,,Insecta,,Diptera,Chironomidae,Chironominae,,
Samp9201,KSR9-0912,7/22/2013,Coelotanypus,1,PR,BU,4,8,Arthropoda,,Insecta,,Diptera,Chironomidae,Tanypodinae,,
Samp9201,KSR9-0912,7/22/2013,Corynoneura,1,CG,SP,3,7,Arthropoda,,Insecta,,Diptera,Chironomidae,Orthocladiinae,,
Samp9201,KSR9-0912,7/22/2013,Cricotopus/orthocladius,2,SH,SP,4,6,Arthropoda,,Insecta,,Diptera,Chironomidae,,,
Samp9201,KSR9-0912,7/22/2013,Cryptochironomus,1,PR,SP,5,8,Arthropoda,,Insecta,,Diptera,Chironomidae,Chironominae,,
Samp9201,KSR9-0912,7/22/2013,Cryptotendipes,1,CG,BU,5,8,Arthropoda,,Insecta,,Diptera,Chironomidae,Chironominae,,
Samp9201,KSR9-0912,7/22/2013,Dicrotendipes,1,CF,BU,4,8,Arthropoda,,Insecta,,Diptera,Chironomidae,Chironominae,,
Samp9201,KSR9-0912,7/22/2013,Lopescladius,41,SH,SP,4,6,Arthropoda,,Insecta,,Diptera,Chironomidae,Orthocladiinae,,
Samp9201,KSR9-0912,7/22/2013,Nanocladius,2,CG,SP,4,3,Arthropoda,,Insecta,,Diptera,Chironomidae,Orthocladiinae,,
Samp9201,KSR9-0912,7/22/2013,Paracladopelma,2,CG,SP,4,7,Arthropoda,,Insecta,,Diptera,Chironomidae,Chironominae,,
Samp9201,KSR9-0912,7/22/2013,Paratendipes,3,CG,BU,4,8,Arthropoda,,Insecta,,Diptera,Chironomidae,Chironominae,,
Samp9201,KSR9-0912,7/22/2013,Polypedilum,23,SH,CB,4,6,Arthropoda,,Insecta,,Diptera,Chironomidae,Chironominae,,
Samp9201,KSR9-0912,7/22/2013,Procladius,2,PR,SP,5,9,Arthropoda,,Insecta,,Diptera,Chironomidae,Tanypodinae,,
Samp9201,KSR9-0912,7/22/2013,Pseudochironomus,2,CG,BU,4,5,Arthropoda,,Insecta,,Diptera,Chironomidae,Chironominae,,
Samp9201,KSR9-0912,7/22/2013,Rheotanytarsus,10,CG,CN,4,6,Arthropoda,,Insecta,,Diptera,Chironomidae,Chironominae,,
Samp9201,KSR9-0912,7/22/2013,Saetheria,18,CG,BU,4,8,Arthropoda,,Insecta,,Diptera,Chironomidae,Chironominae,,
Samp9201,KSR9-0912,7/22/2013,Stenochironomus,1,CG;SH,BU,4,5,Arthropoda,,Insecta,,Diptera,Chironomidae,Chironominae,,
Samp9201,KSR9-0912,7/22/2013,Tanypus,3,PR,SP,5,8,Arthropoda,,Insecta,,Diptera,Chironomidae,Tanypodinae,,
Samp9201,KSR9-0912,7/22/2013,Tanytarsus,118,CG,CB,4,6,Arthropoda,,Insecta,,Diptera,Chironomidae,Chironominae,,
Samp9201,KSR9-0912,7/22/2013,Thienemanniella,1,CG,SP,4,6,Arthropoda,,Insecta,,Diptera,Chironomidae,Orthocladiinae,,
Samp9201,KSR9-0912,7/22/2013,Thienemannimyia genus gr.,3,,,4,,Arthropoda,,Insecta,,Diptera,Chironomidae,Tanypodinae,,
Samp9201,KSR9-0912,7/22/2013,Ephydridae,1,CG,BU,5,6,Arthropoda,,Insecta,,Diptera,Ephydridae,,,
Samp9201,KSR9-0912,7/22/2013,Gomphidae,2,PR,BU,4,1,Arthropoda,,Insecta,,Odonata,Gomphidae,,,
Samp9201,KSR9-0912,7/22/2013,Cheumatopsyche,2,CF,CN,4,5,Arthropoda,,Insecta,,Trichoptera,Hydropsychidae,Hydropsychinae,,
Samp9201,KSR9-0912,7/22/2013,Hydropsyche,2,CF,CN,4,4,Arthropoda,,Insecta,,Trichoptera,Hydropsychidae,Hydropsychinae,,
Samp9201,KSR9-0912,7/22/2013,Hydroptilidae,1,SC,CN,4,4,Arthropoda,,Insecta,,Trichoptera,Hydroptilidae,,,
Samp9201,KSR9-0912,7/22/2013,Nectopsyche,3,SH,CB,4,3,Arthropoda,,Insecta,,Trichoptera,Leptoceridae,Leptocerinae,,
Samp9201,KSR9-0912,7/22/2013,Tricorythodes,9,CG,SP,4,5,Arthropoda,,Insecta,,Ephemeroptera,Leptohyphidae,,,
Samp9202,NER9-0904,6/10/2013,Hyalella,1,CG,SP,4,8,Arthropoda,,Malacostraca,,Amphipoda,Hyalellidae,,,
Samp9202,NER9-0904,6/10/2013,Caenis,4,CG,SP,4,7,Arthropoda,,Insecta,,Ephemeroptera,Caenidae,,,
Samp9202,NER9-0904,6/10/2013,Chironomus,3,CG,BU,5,10,Arthropoda,,Insecta,,Diptera,Chironomidae,Chironominae,,
Samp9202,NER9-0904,6/10/2013,Heptagenia,3,SC,CN,4,4,Arthropoda,,Insecta,,Ephemeroptera,Heptageniidae,,,
Samp9208,NMR9-0906,5/13/2014,Cryptochironomus,1,PR,SP,5,8,Arthropoda,,Insecta,,Diptera,Chironomidae,Chironominae,,
Samp9208,NMR9-0906,5/13/2014,Progomphus,4,PR,BU,4,3,Arthropoda,,Insecta,,Odonata,Gomphidae,,,
Samp9208,NMR9-0906,5/13/2014,Tricorythodes,1,CG,SP,4,5,Arthropoda,,Insecta,,Ephemeroptera,Leptohyphidae,,,
Samp9209,NVR9-0910,8/1/2013,Tubificidae,2,CG,BU,5,10,Annelida,,Oligochaeta,Oligochaeta,Haplotaxida,Tubificidae,,,
Samp9209,NVR9-0910,8/1/2013,Corbicula,139,CF,BU,6,6,Mollusca,,Bivalvia,Heterodonta,Veneroida,Corbiculidae,,,
Samp9209,NVR9-0910,8/1/2013,Hygrobates,6,PR,,4,,Arthropoda,,Arachnida,,Trombidiformes,Hygrobatidae,,,
Samp9209,NVR9-0910,8/1/2013,Lebertia,8,PR,,4,8,Arthropoda,,Arachnida,Acarina,Acariformes,Lebertiidae,,,
Samp9209,NVR9-0910,8/1/2013,Limnesia,5,,,4,,Arthropoda,,Arachnida,,Trombidiformes,Limnesiidae,,,
Samp9209,NVR9-0910,8/1/2013,Hyalella,1,CG,SP,4,8,Arthropoda,,Malacostraca,,Amphipoda,Hyalellidae,,,
Samp9209,NVR9-0910,8/1/2013,Paracloeodes,2,SC,SW,4,6,Arthropoda,,Insecta,,Ephemeroptera,Baetidae,,,
Samp9209,NVR9-0910,8/1/2013,Ceratopogonidae,5,PR,SP,4,6,Arthropoda,,Insecta,,Diptera,Ceratopogonidae,,,
Samp9209,NVR9-0910,8/1/2013,Ceratopogoninae,31,PR,BU,4,6,Arthropoda,,Insecta,,Diptera,Ceratopogonidae,Ceratopogoninae,,
Samp9209,NVR9-0910,8/1/2013,Chironomidae,1,CG,BU,4,6,Arthropoda,,Insecta,,Diptera,Chironomidae,,,
Samp9209,NVR9-0910,8/1/2013,Chironomus,3,CG,BU,5,10,Arthropoda,,Insecta,,Diptera,Chironomidae,Chironominae,,
Samp9209,NVR9-0910,8/1/2013,Cladotanytarsus,25,CF,CB,3,7,Arthropoda,,Insecta,,Diptera,Chironomidae,Chironominae,,
Samp9209,NVR9-0910,8/1/2013,Dicrotendipes,1,CF,BU,4,8,Arthropoda,,Insecta,,Diptera,Chironomidae,Chironominae,,
Samp9209,NVR9-0910,8/1/2013,Paracladopelma,4,CG,SP,4,7,Arthropoda,,Insecta,,Diptera,Chironomidae,Chironominae,,
Samp9209,NVR9-0910,8/1/2013,Paratanytarsus,6,CG,SP,4,6,Arthropoda,,Insecta,,Diptera,Chironomidae,Chironominae,,
Samp9209,NVR9-0910,8/1/2013,Stempellinella,3,CG,CN,3,2,Arthropoda,,Insecta,,Diptera,Chironomidae,Chironominae,,
Samp9209,NVR9-0910,8/1/2013,Tanytarsus,19,CG,CB,4,6,Arthropoda,,Insecta,,Diptera,Chironomidae,Chironominae,,
Samp9209,NVR9-0910,8/1/2013,Thienemannimyia genus gr.,9,,,4,,Arthropoda,,Insecta,,Diptera,Chironomidae,Tanypodinae,,
Samp9209,NVR9-0910,8/1/2013,Coenagrionidae,2,PR,CB,4,9,Arthropoda,,Insecta,,Odonata,Coenagrionidae,,,
Samp9209,NVR9-0910,8/1/2013,Nectopsyche,1,SH,CB,4,3,Arthropoda,,Insecta,,Trichoptera,Leptoceridae,Leptocerinae,,
Samp9209,NVR9-0910,8/1/2013,Leptohyphidae,4,CG,,4,4,Arthropoda,,Insecta,,Ephemeroptera,Leptohyphidae,,,
Samp9209,NVR9-0910,8/1/2013,Tricorythodes,8,CG,SP,4,5,Arthropoda,,Insecta,,Ephemeroptera,Leptohyphidae,,,
Samp9209,NVR9-0910,8/1/2013,Hexatoma,15,PR,BU,3,2,Arthropoda,,Insecta,,Diptera,Tipulidae,Limoniinae,,
Samp9211,OKR9-0901,6/18/2013,Lymnaeidae,2,SC,CB,4,6,Mollusca,,Gastropoda,,Basommatophora,Lymnaeidae,,,
Samp9211,OKR9-0901,6/18/2013,Physidae,4,SC,CB,5,8,Mollusca,,Gastropoda,,Basommatophora,Physidae,,,
Samp9211,OKR9-0901,6/18/2013,Caenis,1,CG,SP,4,7,Arthropoda,,Insecta,,Ephemeroptera,Caenidae,,,
Samp9211,OKR9-0901,6/18/2013,Ceratopogonidae,2,PR,SP,4,6,Arthropoda,,Insecta,,Diptera,Ceratopogonidae,,,
Samp9211,OKR9-0901,6/18/2013,Gillotia,2,,BU,,,Arthropoda,,Insecta,,Diptera,Chironomidae,Chironominae,,
Samp9211,OKR9-0901,6/18/2013,Progomphus,1,PR,BU,4,3,Arthropoda,,Insecta,,Odonata,Gomphidae,,,
Samp9211,OKR9-0901,6/18/2013,Berosus,2,CG,SW,4,5,Arthropoda,,Insecta,,Coleoptera,Hydrophilidae,Berosinae,,
Samp9212,OKR9-0903,9/15/2014,Tubificidae,4,CG,BU,5,10,Annelida,,Oligochaeta,Oligochaeta,Haplotaxida,Tubificidae,,,
Samp9212,OKR9-0903,9/15/2014,Lymnaeidae,1,SC,CB,4,6,Mollusca,,Gastropoda,,Basommatophora,Lymnaeidae,,,
Samp9212,OKR9-0903,9/15/2014,Caenis,2,CG,SP,4,7,Arthropoda,,Insecta,,Ephemeroptera,Caenidae,,,
Samp9212,OKR9-0903,9/15/2014,Ceratopogoninae,12,PR,BU,4,6,Arthropoda,,Insecta,,Diptera,Ceratopogonidae,Ceratopogoninae,,
Samp9212,OKR9-0903,9/15/2014,Dasyhelea,2,CG,SP,5,6,Arthropoda,,Insecta,,Diptera,Ceratopogonidae,Dasyheleinae,,
Samp9212,OKR9-0903,9/15/2014,Chironomidae,1,CG,BU,4,6,Arthropoda,,Insecta,,Diptera,Chironomidae,,,
Samp9212,OKR9-0903,9/15/2014,Chironomus,2,CG,BU,5,10,Arthropoda,,Insecta,,Diptera,Chironomidae,Chironominae,,
Samp9212,OKR9-0903,9/15/2014,Cryptochironomus,29,PR,SP,5,8,Arthropoda,,Insecta,,Diptera,Chironomidae,Chironominae,,
Samp9212,OKR9-0903,9/15/2014,Dicrotendipes,2,CF,BU,4,8,Arthropoda,,Insecta,,Diptera,Chironomidae,Chironominae,,
Samp9212,OKR9-0903,9/15/2014,Glyptotendipes,8,CG,BU,4,10,Arthropoda,,Insecta,,Diptera,Chironomidae,Chironominae,,
Samp9212,OKR9-0903,9/15/2014,Paratendipes,1,CG,BU,4,8,Arthropoda,,Insecta,,Diptera,Chironomidae,Chironominae,,
Samp9212,OKR9-0903,9/15/2014,Polypedilum,82,SH,CB,4,6,Arthropoda,,Insecta,,Diptera,Chironomidae,Chironominae,,
Samp9212,OKR9-0903,9/15/2014,Pseudochironomus,30,CG,BU,4,5,Arthropoda,,Insecta,,Diptera,Chironomidae,Chironominae,,
Samp9212,OKR9-0903,9/15/2014,Rheotanytarsus,1,CG,CN,4,6,Arthropoda,,Insecta,,Diptera,Chironomidae,Chironominae,,
Samp9212,OKR9-0903,9/15/2014,Tanypus,19,PR,SP,5,8,Arthropoda,,Insecta,,Diptera,Chironomidae,Tanypodinae,,
Samp9212,OKR9-0903,9/15/2014,Gomphidae,5,PR,BU,4,1,Arthropoda,,Insecta,,Odonata,Gomphidae,,,
Samp9212,OKR9-0903,9/15/2014,Progomphus,2,PR,BU,4,3,Arthropoda,,Insecta,,Odonata,Gomphidae,,,
Samp9212,OKR9-0903,9/15/2014,Oecetis,4,PR,CN,4,8,Arthropoda,,Insecta,,Trichoptera,Leptoceridae,Leptocerinae,,
Samp9214,OKR9-0906,7/2/2013,Tubificidae,1,CG,BU,5,10,Annelida,,Oligochaeta,Oligochaeta,Haplotaxida,Tubificidae,,,
Samp9214,OKR9-0906,7/2/2013,Paracloeodes,1,SC,SW,4,6,Arthropoda,,Insecta,,Ephemeroptera,Baetidae,,,
Samp9214,OKR9-0906,7/2/2013,Ceratopogonidae,30,PR,SP,4,6,Arthropoda,,Insecta,,Diptera,Ceratopogonidae,,,
Samp9214,OKR9-0906,7/2/2013,Ceratopogoninae,8,PR,BU,4,6,Arthropoda,,Insecta,,Diptera,Ceratopogonidae,Ceratopogoninae,,
Samp9214,OKR9-0906,7/2/2013,Polypedilum,53,SH,CB,4,6,Arthropoda,,Insecta,,Diptera,Chironomidae,Chironominae,,
Samp9214,OKR9-0906,7/2/2013,Coenagrionidae,5,PR,CB,4,9,Arthropoda,,Insecta,,Odonata,Coenagrionidae,,,
Samp9214,OKR9-0906,7/2/2013,Dolichopodidae,1,PR,SP,,4,Arthropoda,,Insecta,,Diptera,Dolichopodidae,Dolichopodinae,,
Samp9214,OKR9-0906,7/2/2013,Berosus,1,CG,SW,4,5,Arthropoda,,Insecta,,Coleoptera,Hydrophilidae,Berosinae,,
Samp9215,OKR9-0908,6/26/2013,Ceratopogoninae,6,PR,BU,4,6,Arthropoda,,Insecta,,Diptera,Ceratopogonidae,Ceratopogoninae,,
Samp9215,OKR9-0908,6/26/2013,Chironomus,55,CG,BU,5,10,Arthropoda,,Insecta,,Diptera,Chironomidae,Chironominae,,
Samp9215,OKR9-0908,6/26/2013,Cladotanytarsus,1,CF,CB,3,7,Arthropoda,,Insecta,,Diptera,Chironomidae,Chironominae,,
Samp9215,OKR9-0908,6/26/2013,Cricotopus/orthocladius,1,SH,SP,4,6,Arthropoda,,Insecta,,Diptera,Chironomidae,,,
Samp9215,OKR9-0908,6/26/2013,Cryptochironomus,4,PR,SP,5,8,Arthropoda,,Insecta,,Diptera,Chironomidae,Chironominae,,
Samp9215,OKR9-0908,6/26/2013,Dicrotendipes,4,CF,BU,4,8,Arthropoda,,Insecta,,Diptera,Chironomidae,Chironominae,,
Samp9215,OKR9-0908,6/26/2013,Glyptotendipes,6,CG,BU,4,10,Arthropoda,,Insecta,,Diptera,Chironomidae,Chironominae,,
Samp9215,OKR9-0908,6/26/2013,Lopescladius,2,SH,SP,4,6,Arthropoda,,Insecta,,Diptera,Chironomidae,Orthocladiinae,,
Samp9215,OKR9-0908,6/26/2013,Paracladopelma,1,CG,SP,4,7,Arthropoda,,Insecta,,Diptera,Chironomidae,Chironominae,,
Samp9215,OKR9-0908,6/26/2013,Paratendipes,6,CG,BU,4,8,Arthropoda,,Insecta,,Diptera,Chironomidae,Chironominae,,
Samp9215,OKR9-0908,6/26/2013,Polypedilum,10,SH,CB,4,6,Arthropoda,,Insecta,,Diptera,Chironomidae,Chironominae,,
Samp9215,OKR9-0908,6/26/2013,Procladius,2,PR,SP,5,9,Arthropoda,,Insecta,,Diptera,Chironomidae,Tanypodinae,,
Samp9215,OKR9-0908,6/26/2013,Saetheria,1,CG,BU,4,8,Arthropoda,,Insecta,,Diptera,Chironomidae,Chironominae,,
Samp9215,OKR9-0908,6/26/2013,Stictochironomus,1,CG,BU,5,8,Arthropoda,,Insecta,,Diptera,Chironomidae,Chironominae,,
Samp9215,OKR9-0908,6/26/2013,Tanypus,2,PR,SP,5,8,Arthropoda,,Insecta,,Diptera,Chironomidae,Tanypodinae,,
Samp9215,OKR9-0908,6/26/2013,Thienemannimyia genus gr.,1,,,4,,Arthropoda,,Insecta,,Diptera,Chironomidae,Tanypodinae,,
Samp9215,OKR9-0908,6/26/2013,Stenelmis,1,SC,CN,4,7,Arthropoda,,Insecta,,Coleoptera,Elmidae,,,
Samp9215,OKR9-0908,6/26/2013,Ephydridae,1,CG,BU,5,6,Arthropoda,,Insecta,,Diptera,Ephydridae,,,
Samp9217,OKRM-1002,7/9/2013,Physidae,1,SC,CB,5,8,Mollusca,,Gastropoda,,Basommatophora,Physidae,,,
Samp9217,OKRM-1002,7/9/2013,Baetidae,1,CG,SW,4,4,Arthropoda,,Insecta,,Ephemeroptera,Baetidae,,,
Samp9217,OKRM-1002,7/9/2013,Cercobrachys,4,,,4,,Arthropoda,,Insecta,,Ephemeroptera,Caenidae,,,
Samp9217,OKRM-1002,7/9/2013,Chironomus,3,CG,BU,5,10,Arthropoda,,Insecta,,Diptera,Chironomidae,Chironominae,,
Samp9217,OKRM-1002,7/9/2013,Cryptochironomus,2,PR,SP,5,8,Arthropoda,,Insecta,,Diptera,Chironomidae,Chironominae,,
Samp9217,OKRM-1002,7/9/2013,Dicrotendipes,1,CF,BU,4,8,Arthropoda,,Insecta,,Diptera,Chironomidae,Chironominae,,
Samp9217,OKRM-1002,7/9/2013,Lopescladius,29,SH,SP,4,6,Arthropoda,,Insecta,,Diptera,Chironomidae,Orthocladiinae,,
Samp9217,OKRM-1002,7/9/2013,Nanocladius,1,CG,SP,4,3,Arthropoda,,Insecta,,Diptera,Chironomidae,Orthocladiinae,,
Samp9217,OKRM-1002,7/9/2013,Paracladopelma,7,CG,SP,4,7,Arthropoda,,Insecta,,Diptera,Chironomidae,Chironominae,,
Samp9217,OKRM-1002,7/9/2013,Paratendipes,3,CG,BU,4,8,Arthropoda,,Insecta,,Diptera,Chironomidae,Chironominae,,
Samp9217,OKRM-1002,7/9/2013,Polypedilum,1,SH,CB,4,6,Arthropoda,,Insecta,,Diptera,Chironomidae,Chironominae,,
Samp9217,OKRM-1002,7/9/2013,Pseudochironomus,2,CG,BU,4,5,Arthropoda,,Insecta,,Diptera,Chironomidae,Chironominae,,
Samp9217,OKRM-1002,7/9/2013,Saetheria,2,CG,BU,4,8,Arthropoda,,Insecta,,Diptera,Chironomidae,Chironominae,,
Samp9217,OKRM-1002,7/9/2013,Tanypus,1,PR,SP,5,8,Arthropoda,,Insecta,,Diptera,Chironomidae,Tanypodinae,,
Samp9217,OKRM-1002,7/9/2013,Tanytarsus,16,CG,CB,4,6,Arthropoda,,Insecta,,Diptera,Chironomidae,Chironominae,,
Samp9217,OKRM-1002,7/9/2013,Coenagrionidae,2,PR,CB,4,9,Arthropoda,,Insecta,,Odonata,Coenagrionidae,,,
Samp9217,OKRM-1002,7/9/2013,Gomphidae,2,PR,BU,4,1,Arthropoda,,Insecta,,Odonata,Gomphidae,,,
Samp9219,OKRM-1021,6/2/2014,Glossiphoniidae,1,PR,SP,5,7,Annelida,,Hirudinea,Hirudinea,Rhynchobdellida,Glossiphoniidae,,,
Samp9219,OKRM-1021,6/2/2014,Caenis,4,CG,SP,4,7,Arthropoda,,Insecta,,Ephemeroptera,Caenidae,,,
Samp9219,OKRM-1021,6/2/2014,Chironomus,16,CG,BU,5,10,Arthropoda,,Insecta,,Diptera,Chironomidae,Chironominae,,
Samp9219,OKRM-1021,6/2/2014,Cryptochironomus,1,PR,SP,5,8,Arthropoda,,Insecta,,Diptera,Chironomidae,Chironominae,,
Samp9219,OKRM-1021,6/2/2014,Dicrotendipes,4,CF,BU,4,8,Arthropoda,,Insecta,,Diptera,Chironomidae,Chironominae,,
Samp9219,OKRM-1021,6/2/2014,Glyptotendipes,5,CG,BU,4,10,Arthropoda,,Insecta,,Diptera,Chironomidae,Chironominae,,
Samp9219,OKRM-1021,6/2/2014,Larsia,6,PR,SP,4,6,Arthropoda,,Insecta,,Diptera,Chironomidae,Tanypodinae,,
Samp9219,OKRM-1021,6/2/2014,Polypedilum,3,SH,CB,4,6,Arthropoda,,Insecta,,Diptera,Chironomidae,Chironominae,,
Samp9219,OKRM-1021,6/2/2014,Procladius,1,PR,SP,5,9,Arthropoda,,Insecta,,Diptera,Chironomidae,Tanypodinae,,
Samp9219,OKRM-1021,6/2/2014,Coenagrionidae,4,PR,CB,4,9,Arthropoda,,Insecta,,Odonata,Coenagrionidae,,,
Samp9219,OKRM-1021,6/2/2014,Ephydridae,2,CG,BU,5,6,Arthropoda,,Insecta,,Diptera,Ephydridae,,,
Samp9219,OKRM-1021,6/2/2014,Progomphus,3,PR,BU,4,3,Arthropoda,,Insecta,,Odonata,Gomphidae,,,
Samp9220,OKRM-1026,8/19/2014,Arrenurus,3,PR,,4,,Arthropoda,,Arachnida,Acarina,Trombidiformes,Arrenuridae,,,
Samp9220,OKRM-1026,8/19/2014,Cercobrachys,3,,,4,,Arthropoda,,Insecta,,Ephemeroptera,Caenidae,,,
Samp9220,OKRM-1026,8/19/2014,Ceratopogoninae,3,PR,BU,4,6,Arthropoda,,Insecta,,Diptera,Ceratopogonidae,Ceratopogoninae,,
Samp9220,OKRM-1026,8/19/2014,Chironomidae,1,CG,BU,4,6,Arthropoda,,Insecta,,Diptera,Chironomidae,,,
Samp9220,OKRM-1026,8/19/2014,Cryptochironomus,3,PR,SP,5,8,Arthropoda,,Insecta,,Diptera,Chironomidae,Chironominae,,
Samp9220,OKRM-1026,8/19/2014,Polypedilum,1,SH,CB,4,6,Arthropoda,,Insecta,,Diptera,Chironomidae,Chironominae,,
Samp9220,OKRM-1026,8/19/2014,Tanypus,11,PR,SP,5,8,Arthropoda,,Insecta,,Diptera,Chironomidae,Tanypodinae,,
Samp9220,OKRM-1026,8/19/2014,Gomphidae,2,PR,BU,4,1,Arthropoda,,Insecta,,Odonata,Gomphidae,,,
Samp9220,OKRM-1026,8/19/2014,Progomphus,2,PR,BU,4,3,Arthropoda,,Insecta,,Odonata,Gomphidae,,,
Samp9220,OKRM-1026,8/19/2014,Homoeoneuria,5,CF;CG,BU,2,2,Arthropoda,,Insecta,,Ephemeroptera,Oligoneuriidae,,,
Samp9221,OKRO-1092,6/30/2014,Tubificidae,4,CG,BU,5,10,Annelida,,Oligochaeta,Oligochaeta,Haplotaxida,Tubificidae,,,
Samp9221,OKRO-1092,6/30/2014,Hygrobates,1,PR,,4,,Arthropoda,,Arachnida,,Trombidiformes,Hygrobatidae,,,
Samp9221,OKRO-1092,6/30/2014,Tyrrellia,1,,,,,Arthropoda,,Arachnida,,Trombidiformes,Limnesiidae,,,
Samp9221,OKRO-1092,6/30/2014,Baetidae,26,CG,SW,4,4,Arthropoda,,Insecta,,Ephemeroptera,Baetidae,,,
Samp9221,OKRO-1092,6/30/2014,Labiobaetis,11,CG,SW,4,6,Arthropoda,,Insecta,,Ephemeroptera,Baetidae,,,
Samp9221,OKRO-1092,6/30/2014,Paracloeodes,7,SC,SW,4,6,Arthropoda,,Insecta,,Ephemeroptera,Baetidae,,,
Samp9221,OKRO-1092,6/30/2014,Caenis,48,CG,SP,4,7,Arthropoda,,Insecta,,Ephemeroptera,Caenidae,,,
Samp9221,OKRO-1092,6/30/2014,Sparbarus,1,,,,,Arthropoda,,Insecta,,Ephemeroptera,Caenidae,,,
Samp9221,OKRO-1092,6/30/2014,Ceratopogonidae,1,PR,SP,4,6,Arthropoda,,Insecta,,Diptera,Ceratopogonidae,,,
Samp9221,OKRO-1092,6/30/2014,Ceratopogoninae,3,PR,BU,4,6,Arthropoda,,Insecta,,Diptera,Ceratopogonidae,Ceratopogoninae,,
Samp9221,OKRO-1092,6/30/2014,Ablabesmyia,5,PR,SP,5,8,Arthropoda,,Insecta,,Diptera,Chironomidae,Tanypodinae,,
Samp9221,OKRO-1092,6/30/2014,Chironomidae,1,CG,BU,4,6,Arthropoda,,Insecta,,Diptera,Chironomidae,,,
Samp9221,OKRO-1092,6/30/2014,Cryptochironomus,16,PR,SP,5,8,Arthropoda,,Insecta,,Diptera,Chironomidae,Chironominae,,
Samp9221,OKRO-1092,6/30/2014,Dicrotendipes,11,CF,BU,4,8,Arthropoda,,Insecta,,Diptera,Chironomidae,Chironominae,,
Samp9221,OKRO-1092,6/30/2014,Glyptotendipes,10,CG,BU,4,10,Arthropoda,,Insecta,,Diptera,Chironomidae,Chironominae,,
Samp9221,OKRO-1092,6/30/2014,Lopescladius,1,SH,SP,4,6,Arthropoda,,Insecta,,Diptera,Chironomidae,Orthocladiinae,,
Samp9221,OKRO-1092,6/30/2014,Micropsectra,1,CG,CB,3,7,Arthropoda,,Insecta,,Diptera,Chironomidae,Chironominae,,
Samp9221,OKRO-1092,6/30/2014,Nanocladius,6,CG,SP,4,3,Arthropoda,,Insecta,,Diptera,Chironomidae,Orthocladiinae,,
Samp9221,OKRO-1092,6/30/2014,Paracladopelma,2,CG,SP,4,7,Arthropoda,,Insecta,,Diptera,Chironomidae,Chironominae,,
Samp9221,OKRO-1092,6/30/2014,Paratanytarsus,2,CG,SP,4,6,Arthropoda,,Insecta,,Diptera,Chironomidae,Chironominae,,
Samp9221,OKRO-1092,6/30/2014,Paratendipes,14,CG,BU,4,8,Arthropoda,,Insecta,,Diptera,Chironomidae,Chironominae,,
Samp9221,OKRO-1092,6/30/2014,Polypedilum,14,SH,CB,4,6,Arthropoda,,Insecta,,Diptera,Chironomidae,Chironominae,,
Samp9221,OKRO-1092,6/30/2014,Procladius,1,PR,SP,5,9,Arthropoda,,Insecta,,Diptera,Chironomidae,Tanypodinae,,
Samp9221,OKRO-1092,6/30/2014,Saetheria,1,CG,BU,4,8,Arthropoda,,Insecta,,Diptera,Chironomidae,Chironominae,,
Samp9221,OKRO-1092,6/30/2014,Tanypus,1,PR,SP,5,8,Arthropoda,,Insecta,,Diptera,Chironomidae,Tanypodinae,,
Samp9221,OKRO-1092,6/30/2014,Tanytarsus,20,CG,CB,4,6,Arthropoda,,Insecta,,Diptera,Chironomidae,Chironominae,,
Samp9221,OKRO-1092,6/30/2014,Thienemannimyia genus gr.,2,,,4,,Arthropoda,,Insecta,,Diptera,Chironomidae,Tanypodinae,,
Samp9221,OKRO-1092,6/30/2014,Argia,1,PR,CN,4,7,Arthropoda,,Insecta,,Odonata,Coenagrionidae,,,
Samp9221,OKRO-1092,6/30/2014,Coenagrionidae,4,PR,CB,4,9,Arthropoda,,Insecta,,Odonata,Coenagrionidae,,,
Samp9221,OKRO-1092,6/30/2014,Dolichopodidae,1,PR,SP,,4,Arthropoda,,Insecta,,Diptera,Dolichopodidae,Dolichopodinae,,
Samp9221,OKRO-1092,6/30/2014,Gomphidae,1,PR,BU,4,1,Arthropoda,,Insecta,,Odonata,Gomphidae,,,
Samp9221,OKRO-1092,6/30/2014,Progomphus,1,PR,BU,4,3,Arthropoda,,Insecta,,Odonata,Gomphidae,,,
Samp9221,OKRO-1092,6/30/2014,Peltodytes,5,SH,CB,4,8,Arthropoda,,Insecta,,Coleoptera,Haliplidae,,,
Samp9221,OKRO-1092,6/30/2014,Berosus,1,CG,SW,4,5,Arthropoda,,Insecta,,Coleoptera,Hydrophilidae,Berosinae,,
Samp9221,OKRO-1092,6/30/2014,Laccobius,52,PR,,4,7,Arthropoda,,Insecta,,Coleoptera,Hydrophilidae,Hydrophilinae,,
Samp9221,OKRO-1092,6/30/2014,Hydroptila,3,SC,CN,4,6,Arthropoda,,Insecta,,Trichoptera,Hydroptilidae,Hydroptilinae,,
Samp9221,OKRO-1092,6/30/2014,Nectopsyche,14,SH,CB,4,3,Arthropoda,,Insecta,,Trichoptera,Leptoceridae,Leptocerinae,,
Samp9221,OKRO-1092,6/30/2014,Oecetis,1,PR,CN,4,8,Arthropoda,,Insecta,,Trichoptera,Leptoceridae,Leptocerinae,,
Samp9221,OKRO-1092,6/30/2014,Tricorythodes,1,CG,SP,4,5,Arthropoda,,Insecta,,Ephemeroptera,Leptohyphidae,,,
Samp9221,OKRO-1092,6/30/2014,Ranatra,2,PR,CB,,,Arthropoda,,Insecta,,Hemiptera,Nepidae,Ranatrinae,,
Samp9221,OKRO-1092,6/30/2014,Erioptera,2,CG,BU;SP,4,6,Arthropoda,,Insecta,,Diptera,Tipulidae,Limoniinae,,
Samp9222,TXR9-0909,8/29/2013,Tubificidae,1,CG,BU,5,10,Annelida,,Oligochaeta,Oligochaeta,Haplotaxida,Tubificidae,,,
Samp9222,TXR9-0909,8/29/2013,Hydrobiidae,5,SC,CB,,5,Mollusca,,Gastropoda,,Neotaenioglossa,Hydrobiidae,,,
Samp9222,TXR9-0909,8/29/2013,Melanoides,3,,,6,,Mollusca,,Gastropoda,,Mesogastropoda,Thiaridae,,,
Samp9222,TXR9-0909,8/29/2013,Krendowskia,6,,,,,Arthropoda,,Arachnida,,Trombidiformes,Krendowskiidae,,,
Samp9222,TXR9-0909,8/29/2013,Unionicola,1,,,,8,Arthropoda,,Arachnida,,Trombidiformes,Unionicolidae,,,
Samp9222,TXR9-0909,8/29/2013,Mysidae,4,,,,,Arthropoda,,Malacostraca,,Mysida,Mysidae,,,
Samp9222,TXR9-0909,8/29/2013,Caenis,8,CG,SP,4,7,Arthropoda,,Insecta,,Ephemeroptera,Caenidae,,,
Samp9222,TXR9-0909,8/29/2013,Ceratopogoninae,2,PR,BU,4,6,Arthropoda,,Insecta,,Diptera,Ceratopogonidae,Ceratopogoninae,,
Samp9222,TXR9-0909,8/29/2013,Coelotanypus,7,PR,BU,4,8,Arthropoda,,Insecta,,Diptera,Chironomidae,Tanypodinae,,
Samp9222,TXR9-0909,8/29/2013,Cryptochironomus,1,PR,SP,5,8,Arthropoda,,Insecta,,Diptera,Chironomidae,Chironominae,,
Samp9222,TXR9-0909,8/29/2013,Dicrotendipes,2,CF,BU,4,8,Arthropoda,,Insecta,,Diptera,Chironomidae,Chironominae,,
Samp9222,TXR9-0909,8/29/2013,Polypedilum,3,SH,CB,4,6,Arthropoda,,Insecta,,Diptera,Chironomidae,Chironominae,,
Samp9222,TXR9-0909,8/29/2013,Stenochironomus,1,CG;SH,BU,4,5,Arthropoda,,Insecta,,Diptera,Chironomidae,Chironominae,,
Samp9222,TXR9-0909,8/29/2013,Tanypus,2,PR,SP,5,8,Arthropoda,,Insecta,,Diptera,Chironomidae,Tanypodinae,,
Samp9222,TXR9-0909,8/29/2013,Tanytarsus,1,CG,CB,4,6,Arthropoda,,Insecta,,Diptera,Chironomidae,Chironominae,,
Samp9222,TXR9-0909,8/29/2013,Dubiraphia,8,CG,CN,4,4,Arthropoda,,Insecta,,Coleoptera,Elmidae,,,
Samp9222,TXR9-0909,8/29/2013,Heterelmis,1,CG,CN,4,4,Arthropoda,,Insecta,,Coleoptera,Elmidae,,,
Samp9222,TXR9-0909,8/29/2013,Stenelmis,4,SC,CN,4,7,Arthropoda,,Insecta,,Coleoptera,Elmidae,,,
Samp9222,TXR9-0909,8/29/2013,Gomphidae,4,PR,BU,4,1,Arthropoda,,Insecta,,Odonata,Gomphidae,,,
Samp9222,TXR9-0909,8/29/2013,Gyrinus,1,PR,SW,3,5,Arthropoda,,Insecta,,Coleoptera,Gyrinidae,Gyrininae,,
Samp9222,TXR9-0909,8/29/2013,Nectopsyche,4,SH,CB,4,3,Arthropoda,,Insecta,,Trichoptera,Leptoceridae,Leptocerinae,,
Samp9222,TXR9-0909,8/29/2013,Oecetis,3,PR,CN,4,8,Arthropoda,,Insecta,,Trichoptera,Leptoceridae,Leptocerinae,,
Samp9237,FW08NM023,5/20/2009,Enchytraeidae,1,CG,BU,5,9,Annelida,,Oligochaeta,,Enchytraeida,Enchytraeidae,,,
Samp9237,FW08NM023,5/20/2009,Tubificidae,6,CG,BU,5,10,Annelida,,Oligochaeta,Oligochaeta,Haplotaxida,Tubificidae,,,
Samp9237,FW08NM023,5/20/2009,Prostoma,1,PR,,4,6,Nemertea,,Enopla,,Hoplonemertea,Tetrastemmatidae,,,
Samp9237,FW08NM023,5/20/2009,Baetidae,1,CG,SW,4,4,Arthropoda,,Insecta,,Ephemeroptera,Baetidae,,,
Samp9237,FW08NM023,5/20/2009,Fallceon,1,CG,SW,4,5,Arthropoda,,Insecta,,Ephemeroptera,Baetidae,,,
Samp9237,FW08NM023,5/20/2009,Caenidae,4,CG,SP,,7,Arthropoda,,Insecta,,Ephemeroptera,Caenidae,,,
Samp9237,FW08NM023,5/20/2009,Calopterygidae,1,PR,CB,4,5,Arthropoda,,Insecta,,Odonata,Calopterygidae,,,
Samp9237,FW08NM023,5/20/2009,Hetaerina,1,PR,CB,4,6,Arthropoda,,Insecta,,Odonata,Calopterygidae,,,
Samp9237,FW08NM023,5/20/2009,Ceratopogonidae,2,PR,SP,4,6,Arthropoda,,Insecta,,Diptera,Ceratopogonidae,,,
Samp9237,FW08NM023,5/20/2009,Ceratopogoninae,1,PR,BU,4,6,Arthropoda,,Insecta,,Diptera,Ceratopogonidae,Ceratopogoninae,,
Samp9237,FW08NM023,5/20/2009,Ablabesmyia,8,PR,SP,5,8,Arthropoda,,Insecta,,Diptera,Chironomidae,Tanypodinae,,
Samp9237,FW08NM023,5/20/2009,Chernovskiia,1,,,,,Arthropoda,,Insecta,,Diptera,Chironomidae,,,
Samp9237,FW08NM023,5/20/2009,Chironomus,2,CG,BU,5,10,Arthropoda,,Insecta,,Diptera,Chironomidae,Chironominae,,
Samp9237,FW08NM023,5/20/2009,Cladotanytarsus,2,CF,CB,3,7,Arthropoda,,Insecta,,Diptera,Chironomidae,Chironominae,,
Samp9237,FW08NM023,5/20/2009,Cricotopus/orthocladius,12,SH,SP,4,6,Arthropoda,,Insecta,,Diptera,Chironomidae,,,
Samp9237,FW08NM023,5/20/2009,Dicrotendipes,20,CF,BU,4,8,Arthropoda,,Insecta,,Diptera,Chironomidae,Chironominae,,
Samp9237,FW08NM023,5/20/2009,Gillotia,3,,BU,,,Arthropoda,,Insecta,,Diptera,Chironomidae,Chironominae,,
Samp9237,FW08NM023,5/20/2009,Lopescladius,16,SH,SP,4,6,Arthropoda,,Insecta,,Diptera,Chironomidae,Orthocladiinae,,
Samp9237,FW08NM023,5/20/2009,Paracladopelma,1,CG,SP,4,7,Arthropoda,,Insecta,,Diptera,Chironomidae,Chironominae,,
Samp9237,FW08NM023,5/20/2009,Parakiefferiella,1,CG,SP,4,6,Arthropoda,,Insecta,,Diptera,Chironomidae,Orthocladiinae,,
Samp9237,FW08NM023,5/20/2009,Saetheria,1,CG,BU,4,8,Arthropoda,,Insecta,,Diptera,Chironomidae,Chironominae,,
Samp9237,FW08NM023,5/20/2009,Tanytarsus,36,CG,CB,4,6,Arthropoda,,Insecta,,Diptera,Chironomidae,Chironominae,,
Samp9237,FW08NM023,5/20/2009,Thienemannimyia genus gr.,15,,,4,,Arthropoda,,Insecta,,Diptera,Chironomidae,Tanypodinae,,
Samp9237,FW08NM023,5/20/2009,Dytiscidae,1,PR,CB,4,5,Arthropoda,,Insecta,,Coleoptera,Dytiscidae,,,
Samp9237,FW08NM023,5/20/2009,Gomphidae,10,PR,BU,4,1,Arthropoda,,Insecta,,Odonata,Gomphidae,,,
Samp9237,FW08NM023,5/20/2009,Ophiogomphus,1,PR,BU,4,1,Arthropoda,,Insecta,,Odonata,Gomphidae,,,
Samp9237,FW08NM023,5/20/2009,Progomphus,2,PR,BU,4,3,Arthropoda,,Insecta,,Odonata,Gomphidae,,,
Samp9237,FW08NM023,5/20/2009,Tricorythodes,7,CG,SP,4,5,Arthropoda,,Insecta,,Ephemeroptera,Leptohyphidae,,,
Samp9243,FW08OK005,7/28/2009,Cercobrachys,4,,,4,,Arthropoda,,Insecta,,Ephemeroptera,Caenidae,,,
Samp9243,FW08OK005,7/28/2009,Chironomidae,1,CG,BU,4,6,Arthropoda,,Insecta,,Diptera,Chironomidae,,,
Samp9243,FW08OK005,7/28/2009,Gillotia,10,,BU,,,Arthropoda,,Insecta,,Diptera,Chironomidae,Chironominae,,
Samp9243,FW08OK005,7/28/2009,Polypedilum,1,SH,CB,4,6,Arthropoda,,Insecta,,Diptera,Chironomidae,Chironominae,,
Samp9243,FW08OK005,7/28/2009,Pseudochironomus,2,CG,BU,4,5,Arthropoda,,Insecta,,Diptera,Chironomidae,Chironominae,,
Samp9243,FW08OK005,7/28/2009,Robackia,2,CG,BU,4,2,Arthropoda,,Insecta,,Diptera,Chironomidae,Chironominae,,
Samp9243,FW08OK005,7/28/2009,Tanypus,26,PR,SP,5,8,Arthropoda,,Insecta,,Diptera,Chironomidae,Tanypodinae,,
Samp9243,FW08OK005,7/28/2009,Tanytarsus,2,CG,CB,4,6,Arthropoda,,Insecta,,Diptera,Chironomidae,Chironominae,,
Samp9243,FW08OK005,7/28/2009,Progomphus,1,PR,BU,4,3,Arthropoda,,Insecta,,Odonata,Gomphidae,,,
Samp9243,FW08OK005,7/28/2009,Homoeoneuria,4,CF;CG,BU,2,2,Arthropoda,,Insecta,,Ephemeroptera,Oligoneuriidae,,,
Samp9244,FW08OK011,7/15/2008,Caenis,42,CG,SP,4,7,Arthropoda,,Insecta,,Ephemeroptera,Caenidae,,,
Samp9244,FW08OK011,7/15/2008,Ablabesmyia,2,PR,SP,5,8,Arthropoda,,Insecta,,Diptera,Chironomidae,Tanypodinae,,
Samp9244,FW08OK011,7/15/2008,Chironomidae,3,CG,BU,4,6,Arthropoda,,Insecta,,Diptera,Chironomidae,,,
Samp9244,FW08OK011,7/15/2008,Chironomus,3,CG,BU,5,10,Arthropoda,,Insecta,,Diptera,Chironomidae,Chironominae,,
Samp9244,FW08OK011,7/15/2008,Dicrotendipes,7,CF,BU,4,8,Arthropoda,,Insecta,,Diptera,Chironomidae,Chironominae,,
Samp9244,FW08OK011,7/15/2008,Saetheria,2,CG,BU,4,8,Arthropoda,,Insecta,,Diptera,Chironomidae,Chironominae,,
Samp9244,FW08OK011,7/15/2008,Argia,1,PR,CN,4,7,Arthropoda,,Insecta,,Odonata,Coenagrionidae,,,
Samp9244,FW08OK011,7/15/2008,Helichus,1,SH,CN,3,5,Arthropoda,,Insecta,,Coleoptera,Dryopidae,,,
Samp9244,FW08OK011,7/15/2008,Dubiraphia,1,CG,CN,4,4,Arthropoda,,Insecta,,Coleoptera,Elmidae,,,
Samp9244,FW08OK011,7/15/2008,Stenelmis,2,SC,CN,4,7,Arthropoda,,Insecta,,Coleoptera,Elmidae,,,
Samp9244,FW08OK011,7/15/2008,Gomphidae,1,PR,BU,4,1,Arthropoda,,Insecta,,Odonata,Gomphidae,,,
Samp9244,FW08OK011,7/15/2008,Heptageniidae,2,SC,CN,3,4,Arthropoda,,Insecta,,Ephemeroptera,Heptageniidae,,,
Samp9244,FW08OK011,7/15/2008,Hydropsyche,3,CF,CN,4,4,Arthropoda,,Insecta,,Trichoptera,Hydropsychidae,Hydropsychinae,,
Samp9244,FW08OK011,7/15/2008,Nectopsyche,18,SH,CB,4,3,Arthropoda,,Insecta,,Trichoptera,Leptoceridae,Leptocerinae,,
Samp9244,FW08OK011,7/15/2008,Oecetis,3,PR,CN,4,8,Arthropoda,,Insecta,,Trichoptera,Leptoceridae,Leptocerinae,,
Samp9244,FW08OK011,7/15/2008,Tricorythodes,8,CG,SP,4,5,Arthropoda,,Insecta,,Ephemeroptera,Leptohyphidae,,,
Samp9246,FW08OK056,6/15/2009,Argulus,1,,,,,Arthropoda,Crustacea,Maxillopoda,,Arguloida,Argulidae,,,
Samp9246,FW08OK056,6/15/2009,Chironomidae,1,CG,BU,4,6,Arthropoda,,Insecta,,Diptera,Chironomidae,,,
Samp9246,FW08OK056,6/15/2009,Cricotopus/orthocladius,1,SH,SP,4,6,Arthropoda,,Insecta,,Diptera,Chironomidae,,,
Samp9246,FW08OK056,6/15/2009,Gillotia,2,,BU,,,Arthropoda,,Insecta,,Diptera,Chironomidae,Chironominae,,
Samp9246,FW08OK056,6/15/2009,Paratendipes,1,CG,BU,4,8,Arthropoda,,Insecta,,Diptera,Chironomidae,Chironominae,,
Samp9246,FW08OK056,6/15/2009,Polypedilum,1,SH,CB,4,6,Arthropoda,,Insecta,,Diptera,Chironomidae,Chironominae,,
Samp9246,FW08OK056,6/15/2009,Tanytarsus,1,CG,CB,4,6,Arthropoda,,Insecta,,Diptera,Chironomidae,Chironominae,,
Samp9246,FW08OK056,6/15/2009,Berosus,1,CG,SW,4,5,Arthropoda,,Insecta,,Coleoptera,Hydrophilidae,Berosinae,,
Samp9246,FW08OK056,6/15/2009,Homoeoneuria,2,CF;CG,BU,2,2,Arthropoda,,Insecta,,Ephemeroptera,Oligoneuriidae,,,
Samp9247,FW08TX052,7/9/2009,Chironomidae,1,CG,BU,4,6,Arthropoda,,Insecta,,Diptera,Chironomidae,,,
Samp9247,FW08TX052,7/9/2009,Larsia,1,PR,SP,4,6,Arthropoda,,Insecta,,Diptera,Chironomidae,Tanypodinae,,
Samp9247,FW08TX052,7/9/2009,Cheumatopsyche,1,CF,CN,4,5,Arthropoda,,Insecta,,Trichoptera,Hydropsychidae,Hydropsychinae,,
Samp9248,FW08TX065,6/23/2009,Cercobrachys,1,,,4,,Arthropoda,,Insecta,,Ephemeroptera,Caenidae,,,
Samp9248,FW08TX065,6/23/2009,Dasyhelea,40,CG,SP,5,6,Arthropoda,,Insecta,,Diptera,Ceratopogonidae,Dasyheleinae,,
Samp9248,FW08TX065,6/23/2009,Chironomidae,1,CG,BU,4,6,Arthropoda,,Insecta,,Diptera,Chironomidae,,,
Samp9248,FW08TX065,6/23/2009,Chironomus,11,CG,BU,5,10,Arthropoda,,Insecta,,Diptera,Chironomidae,Chironominae,,
Samp9248,FW08TX065,6/23/2009,Gillotia,3,,BU,,,Arthropoda,,Insecta,,Diptera,Chironomidae,Chironominae,,
Samp9248,FW08TX065,6/23/2009,Lopescladius,6,SH,SP,4,6,Arthropoda,,Insecta,,Diptera,Chironomidae,Orthocladiinae,,
Samp9248,FW08TX065,6/23/2009,Tanypus,37,PR,SP,5,8,Arthropoda,,Insecta,,Diptera,Chironomidae,Tanypodinae,,
Samp9248,FW08TX065,6/23/2009,Tanytarsus,1,CG,CB,4,6,Arthropoda,,Insecta,,Diptera,Chironomidae,Chironominae,,
Samp9248,FW08TX065,6/23/2009,Hydroptila,1,SC,CN,4,6,Arthropoda,,Insecta,,Trichoptera,Hydroptilidae,Hydroptilinae,,
